idx,address,contract_name,compiler_version,total_nonempty_lines,contains_risk_keyword,input_file,original_source_dir,optimization_used,runs,license_type,proxy,implementation,etherscan_contract_name
1,0xF0bD3abc5444FbD3848d13474ab6dEa3a9052720,NAVOracle,v0.8.23+commit.f704f362,1285,True,recent_preprocessed_risk_only/contracts/0001_0xF0bD3abc5444FbD3848d13474ab6dEa3a9052720_NAVOracle.sol,recent_etherscan_300/sources/0xF0bD3abc5444FbD3848d13474ab6dEa3a9052720_NAVOracle,1,1,,0,,NAVOracle
2,0xc4aeeef3d61903a8cf9dbba2336f311c8147b0d6,AssetCustodian,v0.8.23+commit.f704f362,1744,True,recent_preprocessed_risk_only/contracts/0002_0xc4aeeef3d61903a8cf9dbba2336f311c8147b0d6_AssetCustodian.sol,recent_etherscan_300/sources/0xc4aeeef3d61903a8cf9dbba2336f311c8147b0d6_AssetCustodian,1,1,,0,,AssetCustodian
3,0xeba97664CA8C545D7b7B10331890d71D9C626073,USDC,v0.8.25+commit.b61c2a91,1252,True,recent_preprocessed_risk_only/contracts/0003_0xeba97664CA8C545D7b7B10331890d71D9C626073_USDC.sol,recent_etherscan_300/sources/0xeba97664CA8C545D7b7B10331890d71D9C626073_USDC,1,200,None,0,,USDC
4,0xd9854f0e9e1c98ec684becf7c044c4f58dd7e7bd,ShareToken,v0.8.23+commit.f704f362,1060,True,recent_preprocessed_risk_only/contracts/0004_0xd9854f0e9e1c98ec684becf7c044c4f58dd7e7bd_ShareToken.sol,recent_etherscan_300/sources/0xd9854f0e9e1c98ec684becf7c044c4f58dd7e7bd_ShareToken,1,1,,0,,ShareToken
5,0x4fd57ad6fF61FE7455772fB49647a8fa3aA2C33A,XMRP2P,v0.8.34+commit.80d5c536,931,True,recent_preprocessed_risk_only/contracts/0005_0x4fd57ad6fF61FE7455772fB49647a8fa3aA2C33A_XMRP2P.sol,recent_etherscan_300/sources/0x4fd57ad6fF61FE7455772fB49647a8fa3aA2C33A_XMRP2P,1,200,,0,,XMRP2P
6,0x7110AE45B7648EEce7fceA0d050f468437A5D306,SplitBridgeRouterV1_1,v0.8.30+commit.73712a01,704,True,recent_preprocessed_risk_only/contracts/0006_0x7110AE45B7648EEce7fceA0d050f468437A5D306_SplitBridgeRouterV1_1.sol,recent_etherscan_300/sources/0x7110AE45B7648EEce7fceA0d050f468437A5D306_SplitBridgeRouterV1_1,1,1000000,,0,,SplitBridgeRouterV1_1
7,0x22ac2b518e2d43044a743e264e605b4dc6f780ce,CoreVault,v0.8.23+commit.f704f362,2001,True,recent_preprocessed_risk_only/contracts/0007_0x22ac2b518e2d43044a743e264e605b4dc6f780ce_CoreVault.sol,recent_etherscan_300/sources/0x22ac2b518e2d43044a743e264e605b4dc6f780ce_CoreVault,1,1,,0,,CoreVault
8,0xBc4db5cA153cBcCf208A92db5ed8D2755749F5Ca,RebalanceManager,v0.8.23+commit.f704f362,1195,True,recent_preprocessed_risk_only/contracts/0008_0xBc4db5cA153cBcCf208A92db5ed8D2755749F5Ca_RebalanceManager.sol,recent_etherscan_300/sources/0xBc4db5cA153cBcCf208A92db5ed8D2755749F5Ca_RebalanceManager,1,1,,0,,RebalanceManager
9,0xFdc1b5A10f4da87b459dfc3bF1313b33a2F6bfA9,MaplePoolDelegateCover,v0.8.25+commit.b61c2a91,78,True,recent_preprocessed_risk_only/contracts/0009_0xFdc1b5A10f4da87b459dfc3bF1313b33a2F6bfA9_MaplePoolDelegateCover.sol,recent_etherscan_300/sources/0xFdc1b5A10f4da87b459dfc3bF1313b33a2F6bfA9_MaplePoolDelegateCover,1,200,BSL 1.1,0,,MaplePoolDelegateCover
10,0x2a841c66B408DdD0aBD92ccb25151ea70C932B91,PermissionedMulticallHandler,v0.8.30+commit.73712a01,1588,True,recent_preprocessed_risk_only/contracts/0010_0x2a841c66B408DdD0aBD92ccb25151ea70C932B91_PermissionedMulticallHandler.sol,recent_etherscan_300/sources/0x2a841c66B408DdD0aBD92ccb25151ea70C932B91_PermissionedMulticallHandler,1,300,,0,,PermissionedMulticallHandler
11,0xDC6C5B61Fa9A05FdA430D74d1AC7Fe10e1aCb3af,Blocklist,v0.8.23+commit.f704f362,891,True,recent_preprocessed_risk_only/contracts/0011_0xDC6C5B61Fa9A05FdA430D74d1AC7Fe10e1aCb3af_Blocklist.sol,recent_etherscan_300/sources/0xDC6C5B61Fa9A05FdA430D74d1AC7Fe10e1aCb3af_Blocklist,1,1,,0,,Blocklist
12,0x9f1d0a854b210b91848465c90fedf883bdddf636,UpgradeableVaultFactory,v0.8.23+commit.f704f362,4386,True,recent_preprocessed_risk_only/contracts/0012_0x9f1d0a854b210b91848465c90fedf883bdddf636_UpgradeableVaultFactory.sol,recent_etherscan_300/sources/0x9f1d0a854b210b91848465c90fedf883bdddf636_UpgradeableVaultFactory,1,1,,0,,UpgradeableVaultFactory
13,0x78c10059037e245425fA28CF101cDB8C45ccA76C,SponsoredCCTPSrcPeriphery,v0.8.30+commit.73712a01,8994,True,recent_preprocessed_risk_only/contracts/0013_0x78c10059037e245425fA28CF101cDB8C45ccA76C_SponsoredCCTPSrcPeriphery.sol,recent_etherscan_300/sources/0x78c10059037e245425fA28CF101cDB8C45ccA76C_SponsoredCCTPSrcPeriphery,1,300,,0,,SponsoredCCTPSrcPeriphery
14,0x97Fa78Fb1102b387b7AD7e5315563E239ad43C0B,Whitelist,v0.8.23+commit.f704f362,912,True,recent_preprocessed_risk_only/contracts/0014_0x97Fa78Fb1102b387b7AD7e5315563E239ad43C0B_Whitelist.sol,recent_etherscan_300/sources/0x97Fa78Fb1102b387b7AD7e5315563E239ad43C0B_Whitelist,1,1,,0,,Whitelist
15,0xAFB525985c1Ac51b12D94ddE0a2E0A8De517A6a5,PermissionedMulticallHandler,v0.8.30+commit.73712a01,1588,True,recent_preprocessed_risk_only/contracts/0015_0xAFB525985c1Ac51b12D94ddE0a2E0A8De517A6a5_PermissionedMulticallHandler.sol,recent_etherscan_300/sources/0xAFB525985c1Ac51b12D94ddE0a2E0A8De517A6a5_PermissionedMulticallHandler,1,300,,0,,PermissionedMulticallHandler
16,0x6898B3025f035f486a05BF496Cd4dFDD65F60eA6,Contract,v0.8.23+commit.f704f362,344,True,recent_preprocessed_risk_only/contracts/0016_0x6898B3025f035f486a05BF496Cd4dFDD65F60eA6_Contract.sol,recent_etherscan_300/sources/0x6898B3025f035f486a05BF496Cd4dFDD65F60eA6_Contract,1,200,MIT,0,,Contract
17,0x2bab7251663480559af05a920a616a0c96280fa6,RequestManager,v0.8.23+commit.f704f362,1300,True,recent_preprocessed_risk_only/contracts/0017_0x2bab7251663480559af05a920a616a0c96280fa6_RequestManager.sol,recent_etherscan_300/sources/0x2bab7251663480559af05a920a616a0c96280fa6_RequestManager,1,1,,0,,RequestManager
18,0x180cdef7a328ddfa9013b6f2ce285287ecd57af4,FeeManager,v0.8.23+commit.f704f362,1180,True,recent_preprocessed_risk_only/contracts/0018_0x180cdef7a328ddfa9013b6f2ce285287ecd57af4_FeeManager.sol,recent_etherscan_300/sources/0x180cdef7a328ddfa9013b6f2ce285287ecd57af4_FeeManager,1,1,,0,,FeeManager
19,0x4fb794321956C2ae29823774a0E645179ba4b338,CollateralTokenization,v0.8.20+commit.a1b79de6,639,True,recent_preprocessed_risk_only/contracts/0019_0x4fb794321956C2ae29823774a0E645179ba4b338_CollateralTokenization.sol,recent_etherscan_300/sources/0x4fb794321956C2ae29823774a0E645179ba4b338_CollateralTokenization,0,200,MIT,0,,CollateralTokenization
20,0x6c4c9b5cbba100b648b03eb41d2eb64d09ea87fe,SwapThenBridgeRouterV2_1,v0.8.30+commit.73712a01,674,True,recent_preprocessed_risk_only/contracts/0020_0x6c4c9b5cbba100b648b03eb41d2eb64d09ea87fe_SwapThenBridgeRouterV2_1.sol,recent_etherscan_300/sources/0x6c4c9b5cbba100b648b03eb41d2eb64d09ea87fe_SwapThenBridgeRouterV2_1,1,1000000,,0,,SwapThenBridgeRouterV2_1
21,0x191ac16255f49F7C6cB2e3b2502064A805943849,SyrupRouter,v0.8.7+commit.e28d00a7,374,True,recent_preprocessed_risk_only/contracts/0021_0x191ac16255f49F7C6cB2e3b2502064A805943849_SyrupRouter.sol,recent_etherscan_300/sources/0x191ac16255f49F7C6cB2e3b2502064A805943849_SyrupRouter,1,200,BSL 1.1,0,,SyrupRouter
22,0x95F6e712bBDC71b0517AB17C081717626B9fa2B3,microPEG,v0.8.30+commit.73712a01,2303,True,recent_preprocessed_risk_only/contracts/0022_0x95F6e712bBDC71b0517AB17C081717626B9fa2B3_microPEG.sol,recent_etherscan_300/sources/0x95F6e712bBDC71b0517AB17C081717626B9fa2B3_microPEG,1,200,,0,,microPEG
23,0xB25531D4A44153d267e1030eFe8a38573CfDE2C3,FinalAtomicVault,v0.8.20+commit.a1b79de6,651,True,recent_preprocessed_risk_only/contracts/0023_0xB25531D4A44153d267e1030eFe8a38573CfDE2C3_FinalAtomicVault.sol,recent_etherscan_300/sources/0xB25531D4A44153d267e1030eFe8a38573CfDE2C3_FinalAtomicVault,0,200,,0,,FinalAtomicVault
24,0xB57F02f5f1B09eFd20567d51ef996DBb491fDDec,DaemonToken,v0.8.34+commit.80d5c536,172,True,recent_preprocessed_risk_only/contracts/0024_0xB57F02f5f1B09eFd20567d51ef996DBb491fDDec_DaemonToken.sol,recent_etherscan_300/sources/0xB57F02f5f1B09eFd20567d51ef996DBb491fDDec_DaemonToken,1,200,,0,,DaemonToken
25,0x4c29326350714d67e2c37d6809bd1d261f4f51e3,ConcreteStandardVaultImpl,v0.8.27+commit.40a35a09,8861,True,recent_preprocessed_risk_only/contracts/0025_0x4c29326350714d67e2c37d6809bd1d261f4f51e3_ConcreteStandardVaultImpl.sol,recent_etherscan_300/sources/0x4c29326350714d67e2c37d6809bd1d261f4f51e3_ConcreteStandardVaultImpl,1,190,,0,,ConcreteStandardVaultImpl
26,0x5981729367A4bb466Dd3E75EB701A31405FE6D1D,CryptoTimeLock,v0.8.34+commit.80d5c536,242,True,recent_preprocessed_risk_only/contracts/0026_0x5981729367A4bb466Dd3E75EB701A31405FE6D1D_CryptoTimeLock.sol,recent_etherscan_300/sources/0x5981729367A4bb466Dd3E75EB701A31405FE6D1D_CryptoTimeLock,0,200,,0,,CryptoTimeLock
27,0xc48eb5682b9774FBA9065194ca11aBA53DC446BC,MyFluxtoken,v0.8.24+commit.e11b9ed9,671,True,recent_preprocessed_risk_only/contracts/0027_0xc48eb5682b9774FBA9065194ca11aBA53DC446BC_MyFluxtoken.sol,recent_etherscan_300/sources/0xc48eb5682b9774FBA9065194ca11aBA53DC446BC_MyFluxtoken,0,200,,0,,MyFluxtoken
28,0x1Cb8E88afDe521aaA0108F2b788D467C286ABAe7,OpenRouter,v0.8.34+commit.80d5c536,1607,True,recent_preprocessed_risk_only/contracts/0028_0x1Cb8E88afDe521aaA0108F2b788D467C286ABAe7_OpenRouter.sol,recent_etherscan_300/sources/0x1Cb8E88afDe521aaA0108F2b788D467C286ABAe7_OpenRouter,1,2000,GNU GPLv3,0,,OpenRouter
29,0xCAF0865334EB135b8C47Fca6D9049D5EaFe19D9b,SaturnStrategy,v0.8.28+commit.7893614a,4246,True,recent_preprocessed_risk_only/contracts/0029_0xCAF0865334EB135b8C47Fca6D9049D5EaFe19D9b_SaturnStrategy.sol,recent_etherscan_300/sources/0xCAF0865334EB135b8C47Fca6D9049D5EaFe19D9b_SaturnStrategy,1,200,,0,,SaturnStrategy
30,0xF6ADF6304424aCBA88ac645F652933AD09ccfc58,FusangNonfungiblePositionManager,v0.8.30+commit.73712a01,12780,True,recent_preprocessed_risk_only/contracts/0030_0xF6ADF6304424aCBA88ac645F652933AD09ccfc58_FusangNonfungiblePositionManager.sol,recent_etherscan_300/sources/0xF6ADF6304424aCBA88ac645F652933AD09ccfc58_FusangNonfungiblePositionManager,1,200,GNU GPLv2,0,,FusangNonfungiblePositionManager
31,0x85608c846d83900078de05a284a75212ef6cb5ff,DUCKY,v0.8.23+commit.f704f362,298,True,recent_preprocessed_risk_only/contracts/0031_0x85608c846d83900078de05a284a75212ef6cb5ff_DUCKY.sol,recent_etherscan_300/sources/0x85608c846d83900078de05a284a75212ef6cb5ff_DUCKY,1,200,Unlicense,0,,DUCKY
32,0xec41fDC51e47b5c8a8ed764Fdae43Cf061CeEBcF,BurnBombV1_1a,v0.8.28+commit.7893614a,1824,True,recent_preprocessed_risk_only/contracts/0032_0xec41fDC51e47b5c8a8ed764Fdae43Cf061CeEBcF_BurnBombV1_1a.sol,recent_etherscan_300/sources/0xec41fDC51e47b5c8a8ed764Fdae43Cf061CeEBcF_BurnBombV1_1a,1,1,,0,,BurnBombV1_1a
33,0xBB94ba78878fE6af9Fb9DDD9261020d4643D0b1A,SatToken,v0.8.26+commit.8a97fa7a,593,True,recent_preprocessed_risk_only/contracts/0033_0xBB94ba78878fE6af9Fb9DDD9261020d4643D0b1A_SatToken.sol,recent_etherscan_300/sources/0xBB94ba78878fE6af9Fb9DDD9261020d4643D0b1A_SatToken,0,200,,0,,SatToken
34,0x78e9a2cB9392a253d621F894242275adF735C372,GlassApeERC20,v0.8.30+commit.73712a01,544,True,recent_preprocessed_risk_only/contracts/0034_0x78e9a2cB9392a253d621F894242275adF735C372_GlassApeERC20.sol,recent_etherscan_300/sources/0x78e9a2cB9392a253d621F894242275adF735C372_GlassApeERC20,0,200,,0,,GlassApeERC20
35,0xa76b30a59441f24f73789f0f6117398021d1ffbf,WardrobeItems,v0.8.20+commit.a1b79de6,1238,True,recent_preprocessed_risk_only/contracts/0035_0xa76b30a59441f24f73789f0f6117398021d1ffbf_WardrobeItems.sol,recent_etherscan_300/sources/0xa76b30a59441f24f73789f0f6117398021d1ffbf_WardrobeItems,1,99999999,,0,,WardrobeItems
36,0x2b3FD673882fA64A3dA7D78563D408b8028f81B1,WildernessProtocol,v0.8.30+commit.73712a01,543,True,recent_preprocessed_risk_only/contracts/0036_0x2b3FD673882fA64A3dA7D78563D408b8028f81B1_WildernessProtocol.sol,recent_etherscan_300/sources/0x2b3FD673882fA64A3dA7D78563D408b8028f81B1_WildernessProtocol,1,400,,0,,WildernessProtocol
37,0x18256221ac6F54A0e1d136429e136D2dE2784627,GeneralPumpERC20,v0.8.30+commit.73712a01,544,True,recent_preprocessed_risk_only/contracts/0037_0x18256221ac6F54A0e1d136429e136D2dE2784627_GeneralPumpERC20.sol,recent_etherscan_300/sources/0x18256221ac6F54A0e1d136429e136D2dE2784627_GeneralPumpERC20,0,200,,0,,GeneralPumpERC20
38,0xc0b65de3dffcf407bdbfb82e3a6f26dacce0babb,QRYPT,v0.8.24+commit.e11b9ed9,5058,True,recent_preprocessed_risk_only/contracts/0038_0xc0b65de3dffcf407bdbfb82e3a6f26dacce0babb_QRYPT.sol,recent_etherscan_300/sources/0xc0b65de3dffcf407bdbfb82e3a6f26dacce0babb_QRYPT,1,200,,0,,QRYPT
39,0xda0c0402714999d4eb24e9ec7bcff10b7ad43c45,dnas,v0.8.33+commit.64118f21,2225,True,recent_preprocessed_risk_only/contracts/0039_0xda0c0402714999d4eb24e9ec7bcff10b7ad43c45_dnas.sol,recent_etherscan_300/sources/0xda0c0402714999d4eb24e9ec7bcff10b7ad43c45_dnas,1,200,,0,,dnas
40,0xce85FC7D17367d099D2067cc485188bc6cA86e3F,AetherVault,v0.8.20+commit.a1b79de6,652,True,recent_preprocessed_risk_only/contracts/0040_0xce85FC7D17367d099D2067cc485188bc6cA86e3F_AetherVault.sol,recent_etherscan_300/sources/0xce85FC7D17367d099D2067cc485188bc6cA86e3F_AetherVault,0,200,MIT,0,,AetherVault
41,0x14e691f3feae772a4d45530ebf7853ef67487fb3,SpyBatch,v0.8.26+commit.8a97fa7a,1837,True,recent_preprocessed_risk_only/contracts/0041_0x14e691f3feae772a4d45530ebf7853ef67487fb3_SpyBatch.sol,recent_etherscan_300/sources/0x14e691f3feae772a4d45530ebf7853ef67487fb3_SpyBatch,1,800,,0,,SpyBatch
42,0xE6809b6D1865F61cfCBC2B263De30145dbc4b6Ee,FusangAllowList,v0.8.30+commit.73712a01,12780,True,recent_preprocessed_risk_only/contracts/0042_0xE6809b6D1865F61cfCBC2B263De30145dbc4b6Ee_FusangAllowList.sol,recent_etherscan_300/sources/0xE6809b6D1865F61cfCBC2B263De30145dbc4b6Ee_FusangAllowList,1,200,GNU GPLv2,0,,FusangAllowList
43,0x9Ff30Eb949CD6D88386923B115d69841A856d862,Streamer,v0.8.29+commit.ab55807c,1952,True,recent_preprocessed_risk_only/contracts/0043_0x9Ff30Eb949CD6D88386923B115d69841A856d862_Streamer.sol,recent_etherscan_300/sources/0x9Ff30Eb949CD6D88386923B115d69841A856d862_Streamer,1,200,MIT,0,,Streamer
44,0x8E1D44402A19fFCf4B5631e2DBbcdE5DeE4C7c58,StateSetterLib,v0.8.27+commit.40a35a09,5483,True,recent_preprocessed_risk_only/contracts/0044_0x8E1D44402A19fFCf4B5631e2DBbcdE5DeE4C7c58_StateSetterLib.sol,recent_etherscan_300/sources/0x8E1D44402A19fFCf4B5631e2DBbcdE5DeE4C7c58_StateSetterLib,1,190,,0,,StateSetterLib
45,0xe936510948464c24FA8Deb0dC16285363f28b027,ConcreteStandardVaultImpl,v0.8.27+commit.40a35a09,8861,True,recent_preprocessed_risk_only/contracts/0045_0xe936510948464c24FA8Deb0dC16285363f28b027_ConcreteStandardVaultImpl.sol,recent_etherscan_300/sources/0xe936510948464c24FA8Deb0dC16285363f28b027_ConcreteStandardVaultImpl,1,190,,0,,ConcreteStandardVaultImpl
46,0x071032ef4AB7e66ba16a86Cbe20450d2ea6AA477,WithdrawLib,v0.8.27+commit.40a35a09,2865,True,recent_preprocessed_risk_only/contracts/0046_0x071032ef4AB7e66ba16a86Cbe20450d2ea6AA477_WithdrawLib.sol,recent_etherscan_300/sources/0x071032ef4AB7e66ba16a86Cbe20450d2ea6AA477_WithdrawLib,1,190,,0,,WithdrawLib
47,0xe1F1a50123a6d95E3256FE80849891A55638D89f,FusangSwapRouter,v0.8.30+commit.73712a01,12780,True,recent_preprocessed_risk_only/contracts/0047_0xe1F1a50123a6d95E3256FE80849891A55638D89f_FusangSwapRouter.sol,recent_etherscan_300/sources/0xe1F1a50123a6d95E3256FE80849891A55638D89f_FusangSwapRouter,1,200,GNU GPLv2,0,,FusangSwapRouter
48,0xb6343b6cf76ca2e9c3514494db4b03571cc7bc27,AetherVault_Escrow,v0.8.20+commit.a1b79de6,635,True,recent_preprocessed_risk_only/contracts/0048_0xb6343b6cf76ca2e9c3514494db4b03571cc7bc27_AetherVault_Escrow.sol,recent_etherscan_300/sources/0xb6343b6cf76ca2e9c3514494db4b03571cc7bc27_AetherVault_Escrow,0,200,MIT,0,,AetherVault_Escrow
49,0x88bAdecCC3B33D3f7Cb264476fC5E6a352a83572,SatSwapRouter,v0.8.26+commit.8a97fa7a,1272,True,recent_preprocessed_risk_only/contracts/0049_0x88bAdecCC3B33D3f7Cb264476fC5E6a352a83572_SatSwapRouter.sol,recent_etherscan_300/sources/0x88bAdecCC3B33D3f7Cb264476fC5E6a352a83572_SatSwapRouter,0,200,,0,,SatSwapRouter
50,0xa0f10e5fa69307b39c6ecfe59dae290ea5426b9c,lotusPlant,v0.8.20+commit.a1b79de6,747,True,recent_preprocessed_risk_only/contracts/0050_0xa0f10e5fa69307b39c6ecfe59dae290ea5426b9c_lotusPlant.sol,recent_etherscan_300/sources/0xa0f10e5fa69307b39c6ecfe59dae290ea5426b9c_lotusPlant,0,200,,0,,lotusPlant
51,0xcb44138f3e2e25b72338372488d2a74a580a0e15,MoonwellStakingViews,v0.8.19+commit.7dd6d404,502,True,recent_preprocessed_risk_only/contracts/0051_0xcb44138f3e2e25b72338372488d2a74a580a0e15_MoonwellStakingViews.sol,recent_etherscan_300/sources/0xcb44138f3e2e25b72338372488d2a74a580a0e15_MoonwellStakingViews,1,1,,0,,MoonwellStakingViews
52,0x5f0a84405d485396eaa1cf53f9c21821147b9fc2,SAFUPool,v0.8.24+commit.e11b9ed9,4105,True,recent_preprocessed_risk_only/contracts/0052_0x5f0a84405d485396eaa1cf53f9c21821147b9fc2_SAFUPool.sol,recent_etherscan_300/sources/0x5f0a84405d485396eaa1cf53f9c21821147b9fc2_SAFUPool,1,200,,0,,SAFUPool
53,0x110213dCd5836634808E164718F8Cd4446FA72f5,GodsUnchainedTrading,v0.8.30+commit.73712a01,543,True,recent_preprocessed_risk_only/contracts/0053_0x110213dCd5836634808E164718F8Cd4446FA72f5_GodsUnchainedTrading.sol,recent_etherscan_300/sources/0x110213dCd5836634808E164718F8Cd4446FA72f5_GodsUnchainedTrading,1,400,,0,,GodsUnchainedTrading
54,0xaA92349F126Fc28639c974b320A7ECa9ea3a4088,SpyHook,v0.8.26+commit.8a97fa7a,1482,True,recent_preprocessed_risk_only/contracts/0054_0xaA92349F126Fc28639c974b320A7ECa9ea3a4088_SpyHook.sol,recent_etherscan_300/sources/0xaA92349F126Fc28639c974b320A7ECa9ea3a4088_SpyHook,1,800,,0,,SpyHook
55,0xD35Da1f141Afdc6589304B81382509E1d775cce8,LiquidityBonds,v0.8.22+commit.4fc1097e,4124,True,recent_preprocessed_risk_only/contracts/0055_0xD35Da1f141Afdc6589304B81382509E1d775cce8_LiquidityBonds.sol,recent_etherscan_300/sources/0xD35Da1f141Afdc6589304B81382509E1d775cce8_LiquidityBonds,1,200,,0,,LiquidityBonds
56,0x6E0DF678b8BF1A5d47C38efb3157d5490f7dBE07,ViceroyMoonERC20,v0.8.30+commit.73712a01,544,True,recent_preprocessed_risk_only/contracts/0056_0x6E0DF678b8BF1A5d47C38efb3157d5490f7dBE07_ViceroyMoonERC20.sol,recent_etherscan_300/sources/0x6E0DF678b8BF1A5d47C38efb3157d5490f7dBE07_ViceroyMoonERC20,0,200,,0,,ViceroyMoonERC20
57,0x32A9Fc40D8d7DC06cA32A299aAb5aa0E43cA049A,mEVETH,v0.8.9+commit.e5eed63a,2214,True,recent_preprocessed_risk_only/contracts/0057_0x32A9Fc40D8d7DC06cA32A299aAb5aa0E43cA049A_mEVETH.sol,recent_etherscan_300/sources/0x32A9Fc40D8d7DC06cA32A299aAb5aa0E43cA049A_mEVETH,1,200,,0,,mEVETH
58,0xDEC0DE065341b46a96d127C633895D231Ae0B9f3,SpyPepe,v0.8.26+commit.8a97fa7a,734,True,recent_preprocessed_risk_only/contracts/0058_0xDEC0DE065341b46a96d127C633895D231Ae0B9f3_SpyPepe.sol,recent_etherscan_300/sources/0xDEC0DE065341b46a96d127C633895D231Ae0B9f3_SpyPepe,1,800,,0,,SpyPepe
59,0xA558CAd6Fe42898dd45EfBA4e0bA9Be63AD63c80,WaultswapRouter,v0.8.30+commit.73712a01,543,True,recent_preprocessed_risk_only/contracts/0059_0xA558CAd6Fe42898dd45EfBA4e0bA9Be63AD63c80_WaultswapRouter.sol,recent_etherscan_300/sources/0xA558CAd6Fe42898dd45EfBA4e0bA9Be63AD63c80_WaultswapRouter,1,200,,0,,WaultswapRouter
60,0x028b6a31B479381e598E4DAeD38a6860C6c9a212,FuruCombo,v0.8.30+commit.73712a01,543,True,recent_preprocessed_risk_only/contracts/0060_0x028b6a31B479381e598E4DAeD38a6860C6c9a212_FuruCombo.sol,recent_etherscan_300/sources/0x028b6a31B479381e598E4DAeD38a6860C6c9a212_FuruCombo,1,400,,0,,FuruCombo
61,0xeF7E162053488220a393302dE005d2F9e14D2888,SatHook,v0.8.26+commit.8a97fa7a,5383,True,recent_preprocessed_risk_only/contracts/0061_0xeF7E162053488220a393302dE005d2F9e14D2888_SatHook.sol,recent_etherscan_300/sources/0xeF7E162053488220a393302dE005d2F9e14D2888_SatHook,0,200,,0,,SatHook
62,0xfCf8AD9a81280Cc2818Eeb998E053d3d3162DE7c,BigRonnieERC20,v0.8.30+commit.73712a01,544,True,recent_preprocessed_risk_only/contracts/0062_0xfCf8AD9a81280Cc2818Eeb998E053d3d3162DE7c_BigRonnieERC20.sol,recent_etherscan_300/sources/0xfCf8AD9a81280Cc2818Eeb998E053d3d3162DE7c_BigRonnieERC20,0,200,,0,,BigRonnieERC20
63,0xc5db0cc78dbe10a8e2c3e80266534073beb9b72f,Token,v0.8.29+commit.ab55807c,1503,True,recent_preprocessed_risk_only/contracts/0063_0xc5db0cc78dbe10a8e2c3e80266534073beb9b72f_Token.sol,recent_etherscan_300/sources/0xc5db0cc78dbe10a8e2c3e80266534073beb9b72f_Token,1,200,,0,,Token
64,0xECef7AA17077e4a8f86F734fCbfa0E608122D09a,ThroneLib,v0.8.28+commit.7893614a,118,True,recent_preprocessed_risk_only/contracts/0064_0xECef7AA17077e4a8f86F734fCbfa0E608122D09a_ThroneLib.sol,recent_etherscan_300/sources/0xECef7AA17077e4a8f86F734fCbfa0E608122D09a_ThroneLib,1,1,,0,,ThroneLib
65,0xC7d03B03d4F44Ce825FE701D9b30f3de8A8e9aC5,GhostLiquidityERC20,v0.8.30+commit.73712a01,544,True,recent_preprocessed_risk_only/contracts/0065_0xC7d03B03d4F44Ce825FE701D9b30f3de8A8e9aC5_GhostLiquidityERC20.sol,recent_etherscan_300/sources/0xC7d03B03d4F44Ce825FE701D9b30f3de8A8e9aC5_GhostLiquidityERC20,0,200,,0,,GhostLiquidityERC20
66,0xCaB96A5F3F35E9EA819D960ddFa47e70dC95B2b9,BlazingCoopERC20,v0.8.30+commit.73712a01,544,True,recent_preprocessed_risk_only/contracts/0066_0xCaB96A5F3F35E9EA819D960ddFa47e70dC95B2b9_BlazingCoopERC20.sol,recent_etherscan_300/sources/0xCaB96A5F3F35E9EA819D960ddFa47e70dC95B2b9_BlazingCoopERC20,0,200,,0,,BlazingCoopERC20
67,0x71146f990637c7d6964c3d223123b7c810cbddea,StateInitLib,v0.8.27+commit.40a35a09,3925,True,recent_preprocessed_risk_only/contracts/0067_0x71146f990637c7d6964c3d223123b7c810cbddea_StateInitLib.sol,recent_etherscan_300/sources/0x71146f990637c7d6964c3d223123b7c810cbddea_StateInitLib,1,190,,0,,StateInitLib
68,0xfCBCE85447fee18E1915715A9dAc81578901F470,Contract,v0.8.24+commit.e11b9ed9,330,True,recent_preprocessed_risk_only/contracts/0068_0xfCBCE85447fee18E1915715A9dAc81578901F470_Contract.sol,recent_etherscan_300/sources/0xfCBCE85447fee18E1915715A9dAc81578901F470_Contract,1,200,,0,,Contract
69,0x75ebbBe7EA7013033AC403a32e83a295a1b1344C,Contract,v0.8.24+commit.e11b9ed9,330,True,recent_preprocessed_risk_only/contracts/0069_0x75ebbBe7EA7013033AC403a32e83a295a1b1344C_Contract.sol,recent_etherscan_300/sources/0x75ebbBe7EA7013033AC403a32e83a295a1b1344C_Contract,1,200,,0,,Contract
70,0xf3dea88e5d5c41f65a5a07b26e383098dbe12c0e,OpportunityOVault,v0.8.24+commit.e11b9ed9,6515,True,recent_preprocessed_risk_only/contracts/0070_0xf3dea88e5d5c41f65a5a07b26e383098dbe12c0e_OpportunityOVault.sol,recent_etherscan_300/sources/0xf3dea88e5d5c41f65a5a07b26e383098dbe12c0e_OpportunityOVault,1,1,,0,,OpportunityOVault
71,0x0cdF655d8A9C977fF42d4541Eb02b6D3213a83A9,TokenManagerProxy,v0.8.27+commit.40a35a09,206,True,recent_preprocessed_risk_only/contracts/0071_0x0cdF655d8A9C977fF42d4541Eb02b6D3213a83A9_TokenManagerProxy.sol,recent_etherscan_300/sources/0x0cdF655d8A9C977fF42d4541Eb02b6D3213a83A9_TokenManagerProxy,1,1000,,0,,TokenManagerProxy
72,0x1567febcea4e96bab3f804c5ef08639ef6071468,YieldAccrualLib,v0.8.27+commit.40a35a09,4630,True,recent_preprocessed_risk_only/contracts/0072_0x1567febcea4e96bab3f804c5ef08639ef6071468_YieldAccrualLib.sol,recent_etherscan_300/sources/0x1567febcea4e96bab3f804c5ef08639ef6071468_YieldAccrualLib,1,190,,0,,YieldAccrualLib
73,0xd03De486b1E8C73273589183e7eC26FaB4B65b6D,ERC20_OZ_5_2_0_Lib,v0.8.27+commit.40a35a09,955,True,recent_preprocessed_risk_only/contracts/0073_0xd03De486b1E8C73273589183e7eC26FaB4B65b6D_ERC20_OZ_5_2_0_Lib.sol,recent_etherscan_300/sources/0xd03De486b1E8C73273589183e7eC26FaB4B65b6D_ERC20_OZ_5_2_0_Lib,1,190,,0,,ERC20_OZ_5_2_0_Lib
74,0x8968dB9DaE4E98837Af9ecAa12FA2C4a66997517,MockStablecoin,v0.8.34+commit.80d5c536,553,True,recent_preprocessed_risk_only/contracts/0074_0x8968dB9DaE4E98837Af9ecAa12FA2C4a66997517_MockStablecoin.sol,recent_etherscan_300/sources/0x8968dB9DaE4E98837Af9ecAa12FA2C4a66997517_MockStablecoin,1,200,,0,,MockStablecoin
75,0x9abf7E24933091271491a54BFdD6bA5aE5fF541a,NEWSOM,v0.8.25+commit.b61c2a91,279,True,recent_preprocessed_risk_only/contracts/0075_0x9abf7E24933091271491a54BFdD6bA5aE5fF541a_NEWSOM.sol,recent_etherscan_300/sources/0x9abf7E24933091271491a54BFdD6bA5aE5fF541a_NEWSOM,1,200,,0,,NEWSOM
76,0x830bec4640cbef3a5fd00c953960af23c6338fdd,AetherVault_Vault,v0.8.20+commit.a1b79de6,629,True,recent_preprocessed_risk_only/contracts/0076_0x830bec4640cbef3a5fd00c953960af23c6338fdd_AetherVault_Vault.sol,recent_etherscan_300/sources/0x830bec4640cbef3a5fd00c953960af23c6338fdd_AetherVault_Vault,0,200,MIT,0,,AetherVault_Vault
77,0xEb73b00C63DA05fEFa171C603766bAb088688939,ForgeRelic,v0.8.24+commit.e11b9ed9,5374,True,recent_preprocessed_risk_only/contracts/0077_0xEb73b00C63DA05fEFa171C603766bAb088688939_ForgeRelic.sol,recent_etherscan_300/sources/0xEb73b00C63DA05fEFa171C603766bAb088688939_ForgeRelic,1,200,,0,,ForgeRelic
78,0x99E85Ba111BB59E63e6892d4Ff5dC19f7096CE9E,Contract,v0.8.24+commit.e11b9ed9,330,True,recent_preprocessed_risk_only/contracts/0078_0x99E85Ba111BB59E63e6892d4Ff5dC19f7096CE9E_Contract.sol,recent_etherscan_300/sources/0x99E85Ba111BB59E63e6892d4Ff5dC19f7096CE9E_Contract,1,200,,0,,Contract
79,0xbb3d65ea5f353f559b3d3ec43211b877d4d023cf,TTTRMNLSplitter,v0.8.24+commit.e11b9ed9,95,True,recent_preprocessed_risk_only/contracts/0079_0xbb3d65ea5f353f559b3d3ec43211b877d4d023cf_TTTRMNLSplitter.sol,recent_etherscan_300/sources/0xbb3d65ea5f353f559b3d3ec43211b877d4d023cf_TTTRMNLSplitter,1,200,MIT,0,,TTTRMNLSplitter
80,0x3dE6b52D0EFf97EE24499947677A132DF80e5834,MockStablecoin,v0.8.34+commit.80d5c536,553,True,recent_preprocessed_risk_only/contracts/0080_0x3dE6b52D0EFf97EE24499947677A132DF80e5834_MockStablecoin.sol,recent_etherscan_300/sources/0x3dE6b52D0EFf97EE24499947677A132DF80e5834_MockStablecoin,1,200,,0,,MockStablecoin
81,0x738d1701f77658fcbb1c0fa6ba530d4f529fe657,MoonsamaV3,v0.8.30+commit.73712a01,5816,True,recent_preprocessed_risk_only/contracts/0081_0x738d1701f77658fcbb1c0fa6ba530d4f529fe657_MoonsamaV3.sol,recent_etherscan_300/sources/0x738d1701f77658fcbb1c0fa6ba530d4f529fe657_MoonsamaV3,1,200,GNU GPLv3,0,,MoonsamaV3
82,0x3FC013400391Ea73d9B91C314Fac961BCFcfac11,LPBondsLaunchpad,v0.8.22+commit.4fc1097e,4757,True,recent_preprocessed_risk_only/contracts/0082_0x3FC013400391Ea73d9B91C314Fac961BCFcfac11_LPBondsLaunchpad.sol,recent_etherscan_300/sources/0x3FC013400391Ea73d9B91C314Fac961BCFcfac11_LPBondsLaunchpad,1,200,,0,,LPBondsLaunchpad
83,0x0fE6BE14D3e59694b27FD097A25293bBB54Da824,GoldenWasteToken,v0.8.30+commit.73712a01,544,True,recent_preprocessed_risk_only/contracts/0083_0x0fE6BE14D3e59694b27FD097A25293bBB54Da824_GoldenWasteToken.sol,recent_etherscan_300/sources/0x0fE6BE14D3e59694b27FD097A25293bBB54Da824_GoldenWasteToken,0,200,,0,,GoldenWasteToken
84,0xd1321561c00b6cbb316b157f8e38b9341b3f2979,MoonsamaMultiverseArtV3,v0.8.30+commit.73712a01,5801,True,recent_preprocessed_risk_only/contracts/0084_0xd1321561c00b6cbb316b157f8e38b9341b3f2979_MoonsamaMultiverseArtV3.sol,recent_etherscan_300/sources/0xd1321561c00b6cbb316b157f8e38b9341b3f2979_MoonsamaMultiverseArtV3,1,200,GNU GPLv3,0,,MoonsamaMultiverseArtV3
85,0x2008FB5215ad9F97e27cd566F310B39cDfd552bB,PaperTiger,v0.8.30+commit.73712a01,544,True,recent_preprocessed_risk_only/contracts/0085_0x2008FB5215ad9F97e27cd566F310B39cDfd552bB_PaperTiger.sol,recent_etherscan_300/sources/0x2008FB5215ad9F97e27cd566F310B39cDfd552bB_PaperTiger,0,200,,0,,PaperTiger
86,0xDeadaa3ec7105A41D94E9426C5797D9212Ca00E0,DeadBros,v0.8.34+commit.80d5c536,4655,True,recent_preprocessed_risk_only/contracts/0086_0xDeadaa3ec7105A41D94E9426C5797D9212Ca00E0_DeadBros.sol,recent_etherscan_300/sources/0xDeadaa3ec7105A41D94E9426C5797D9212Ca00E0_DeadBros,0,200,,0,,DeadBros
87,0xb8a798a50a7274a13449b7f2dd6df22faf2d40e5,ProxyAdmin,v0.8.19+commit.7dd6d404,983,True,recent_preprocessed_risk_only/contracts/0087_0xb8a798a50a7274a13449b7f2dd6df22faf2d40e5_ProxyAdmin.sol,recent_etherscan_300/sources/0xb8a798a50a7274a13449b7f2dd6df22faf2d40e5_ProxyAdmin,1,1,,0,,ProxyAdmin
88,0x02def78114cf64e423d9f2a0486f1ca79dd67a12,StandardVaultHelperLib,v0.8.27+commit.40a35a09,3456,True,recent_preprocessed_risk_only/contracts/0088_0x02def78114cf64e423d9f2a0486f1ca79dd67a12_StandardVaultHelperLib.sol,recent_etherscan_300/sources/0x02def78114cf64e423d9f2a0486f1ca79dd67a12_StandardVaultHelperLib,1,190,,0,,StandardVaultHelperLib
89,0x78235E8aE27de8243d7d5a2f43b5eFe88F54C6B2,Astroverse,v0.8.20+commit.a1b79de6,2568,True,recent_preprocessed_risk_only/contracts/0089_0x78235E8aE27de8243d7d5a2f43b5eFe88F54C6B2_Astroverse.sol,recent_etherscan_300/sources/0x78235E8aE27de8243d7d5a2f43b5eFe88F54C6B2_Astroverse,0,200,,0,,Astroverse
90,0x99c6DeA96295f854D19D1682a93570d34E9Eb601,DebridgeDln,v0.8.30+commit.73712a01,543,True,recent_preprocessed_risk_only/contracts/0090_0x99c6DeA96295f854D19D1682a93570d34E9Eb601_DebridgeDln.sol,recent_etherscan_300/sources/0x99c6DeA96295f854D19D1682a93570d34E9Eb601_DebridgeDln,1,200,,0,,DebridgeDln
91,0x988781a4F02De862FB8412DDc3E3DaB3f20d3426,UniversalVerifier,v0.8.27+commit.40a35a09,3711,True,recent_preprocessed_risk_only/contracts/0091_0x988781a4F02De862FB8412DDc3E3DaB3f20d3426_UniversalVerifier.sol,recent_etherscan_300/sources/0x988781a4F02De862FB8412DDc3E3DaB3f20d3426_UniversalVerifier,1,80,,0,,UniversalVerifier
92,0xd286958319C63A018C545c463487CBD417a22Db2,Contract,v0.8.24+commit.e11b9ed9,330,True,recent_preprocessed_risk_only/contracts/0092_0xd286958319C63A018C545c463487CBD417a22Db2_Contract.sol,recent_etherscan_300/sources/0xd286958319C63A018C545c463487CBD417a22Db2_Contract,1,200,,0,,Contract
93,0x53eF5bEFC26ac1cAf8cE6d7f57f4C82D02fE07D5,WardrobePacks,v0.8.20+commit.a1b79de6,2622,True,recent_preprocessed_risk_only/contracts/0093_0x53eF5bEFC26ac1cAf8cE6d7f57f4C82D02fE07D5_WardrobePacks.sol,recent_etherscan_300/sources/0x53eF5bEFC26ac1cAf8cE6d7f57f4C82D02fE07D5_WardrobePacks,1,99999999,,0,,WardrobePacks
94,0x97FC0ac77f0Aa2B342CE3235bcdd2EE7640F4D39,SovereignDripToken,v0.8.30+commit.73712a01,544,True,recent_preprocessed_risk_only/contracts/0094_0x97FC0ac77f0Aa2B342CE3235bcdd2EE7640F4D39_SovereignDripToken.sol,recent_etherscan_300/sources/0x97FC0ac77f0Aa2B342CE3235bcdd2EE7640F4D39_SovereignDripToken,0,200,,0,,SovereignDripToken
95,0x81615Ea14f7be5ac97F64AEDb8ebe01928A82f7b,SAFUPool,v0.8.24+commit.e11b9ed9,4109,True,recent_preprocessed_risk_only/contracts/0095_0x81615Ea14f7be5ac97F64AEDb8ebe01928A82f7b_SAFUPool.sol,recent_etherscan_300/sources/0x81615Ea14f7be5ac97F64AEDb8ebe01928A82f7b_SAFUPool,1,200,,0,,SAFUPool
96,0xf18fcb50Ca8d104345303401c1dA9Ff2b5d62BBA,ChainlinkPriceFeed,v0.8.30+commit.73712a01,543,True,recent_preprocessed_risk_only/contracts/0096_0xf18fcb50Ca8d104345303401c1dA9Ff2b5d62BBA_ChainlinkPriceFeed.sol,recent_etherscan_300/sources/0xf18fcb50Ca8d104345303401c1dA9Ff2b5d62BBA_ChainlinkPriceFeed,1,200,,0,,ChainlinkPriceFeed
97,0x840d0d874ad555e938486A5a2d7E81CC6805D66e,Contract,v0.8.24+commit.e11b9ed9,330,True,recent_preprocessed_risk_only/contracts/0097_0x840d0d874ad555e938486A5a2d7E81CC6805D66e_Contract.sol,recent_etherscan_300/sources/0x840d0d874ad555e938486A5a2d7E81CC6805D66e_Contract,1,200,,0,,Contract
98,0xEb6E2502915C50727f77c419094c037385c3A757,FusangFactory,v0.8.30+commit.73712a01,12780,True,recent_preprocessed_risk_only/contracts/0098_0xEb6E2502915C50727f77c419094c037385c3A757_FusangFactory.sol,recent_etherscan_300/sources/0xEb6E2502915C50727f77c419094c037385c3A757_FusangFactory,1,200,GNU GPLv2,0,,FusangFactory
99,0x6cd66AB065556AEa495d161Ce78d513Ec53d5Bc4,FSC20Factory,v0.8.28+commit.7893614a,1635,True,recent_preprocessed_risk_only/contracts/0099_0x6cd66AB065556AEa495d161Ce78d513Ec53d5Bc4_FSC20Factory.sol,recent_etherscan_300/sources/0x6cd66AB065556AEa495d161Ce78d513Ec53d5Bc4_FSC20Factory,1,1000000,GNU GPLv2,0,,FSC20Factory
100,0x5839C14b78908411Be052835E46Fc9D164c48221,EASY_ACCESS_946,v0.8.26+commit.8a97fa7a,57,True,recent_preprocessed_risk_only/contracts/0100_0x5839C14b78908411Be052835E46Fc9D164c48221_EASY_ACCESS_946.sol,recent_etherscan_300/sources/0x5839C14b78908411Be052835E46Fc9D164c48221_EASY_ACCESS_946,1,200,MIT,0,,EASY_ACCESS_946
101,0x0d0F282f643EAEFF83e69cB538BDF405b6b91715,QuoterV2,v0.8.30+commit.73712a01,12780,True,recent_preprocessed_risk_only/contracts/0101_0x0d0F282f643EAEFF83e69cB538BDF405b6b91715_QuoterV2.sol,recent_etherscan_300/sources/0x0d0F282f643EAEFF83e69cB538BDF405b6b91715_QuoterV2,1,200,GNU GPLv2,0,,QuoterV2
102,0x526f7b18FD8AD7401177b6E497441631584f145f,EzEthMinter,v0.8.30+commit.73712a01,543,True,recent_preprocessed_risk_only/contracts/0102_0x526f7b18FD8AD7401177b6E497441631584f145f_EzEthMinter.sol,recent_etherscan_300/sources/0x526f7b18FD8AD7401177b6E497441631584f145f_EzEthMinter,1,400,,0,,EzEthMinter
103,0x2F33F86723e72c0d164fcde6375cc745BfeC834e,DaemonWrapper,v0.8.34+commit.80d5c536,172,True,recent_preprocessed_risk_only/contracts/0103_0x2F33F86723e72c0d164fcde6375cc745BfeC834e_DaemonWrapper.sol,recent_etherscan_300/sources/0x2F33F86723e72c0d164fcde6375cc745BfeC834e_DaemonWrapper,1,200,,0,,DaemonWrapper
104,0xBEDCE0202857EA2Bc994b42533c03b4701Ce419B,Contract,v0.8.21+commit.d9974bed,340,True,recent_preprocessed_risk_only/contracts/0104_0xBEDCE0202857EA2Bc994b42533c03b4701Ce419B_Contract.sol,recent_etherscan_300/sources/0xBEDCE0202857EA2Bc994b42533c03b4701Ce419B_Contract,1,200,,0,,Contract
105,0x608dF3D218FC660912459E23407e105b8aFDa746,VerifierLib,v0.8.27+commit.40a35a09,3095,True,recent_preprocessed_risk_only/contracts/0105_0x608dF3D218FC660912459E23407e105b8aFDa746_VerifierLib.sol,recent_etherscan_300/sources/0x608dF3D218FC660912459E23407e105b8aFDa746_VerifierLib,1,200,,0,,VerifierLib
106,0x81F038Db75B14F9Be3488216fBF0649E3E912FcE,Rysk,v0.8.30+commit.73712a01,5163,True,recent_preprocessed_risk_only/contracts/0106_0x81F038Db75B14F9Be3488216fBF0649E3E912FcE_Rysk.sol,recent_etherscan_300/sources/0x81F038Db75B14F9Be3488216fBF0649E3E912FcE_Rysk,1,50,,0,,Rysk
107,0xcB139040490ba48a7D2CCdC4848226b63986DB3f,WrappedPRL,v0.8.27+commit.40a35a09,4351,True,recent_preprocessed_risk_only/contracts/0107_0xcB139040490ba48a7D2CCdC4848226b63986DB3f_WrappedPRL.sol,recent_etherscan_300/sources/0xcB139040490ba48a7D2CCdC4848226b63986DB3f_WrappedPRL,1,1000000,,0,,WrappedPRL
108,0x9Dbb6E607e7AB75CE15e218A41cAa9f100d83B4F,CompoundComptroller,v0.8.30+commit.73712a01,543,True,recent_preprocessed_risk_only/contracts/0108_0x9Dbb6E607e7AB75CE15e218A41cAa9f100d83B4F_CompoundComptroller.sol,recent_etherscan_300/sources/0x9Dbb6E607e7AB75CE15e218A41cAa9f100d83B4F_CompoundComptroller,1,400,,0,,CompoundComptroller
109,0x4F0e09c39E76D1673E99BFb7E8d689547355fC5c,TwilightMarketERC20,v0.8.30+commit.73712a01,544,True,recent_preprocessed_risk_only/contracts/0109_0x4F0e09c39E76D1673E99BFb7E8d689547355fC5c_TwilightMarketERC20.sol,recent_etherscan_300/sources/0x4F0e09c39E76D1673E99BFb7E8d689547355fC5c_TwilightMarketERC20,0,200,,0,,TwilightMarketERC20
110,0x9F3c8CffD474604d4D6EFE64f343171Ac15c858c,StormyGlenToken,v0.8.30+commit.73712a01,544,True,recent_preprocessed_risk_only/contracts/0110_0x9F3c8CffD474604d4D6EFE64f343171Ac15c858c_StormyGlenToken.sol,recent_etherscan_300/sources/0x9F3c8CffD474604d4D6EFE64f343171Ac15c858c_StormyGlenToken,0,200,,0,,StormyGlenToken
111,0x974361d26529dccebbe4354766ee5ec499aab04d,Otoken,v0.6.10+commit.00c0fcaf,1389,True,recent_preprocessed_risk_only/contracts/0111_0x974361d26529dccebbe4354766ee5ec499aab04d_Otoken.sol,recent_etherscan_300/sources/0x974361d26529dccebbe4354766ee5ec499aab04d_Otoken,1,200,,0,,Otoken
112,0xA92C2E806af3aa54b98Fcda171094052bf17C81C,BVMGiftVoucher,v0.8.34+commit.80d5c536,84,True,recent_preprocessed_risk_only/contracts/0112_0xA92C2E806af3aa54b98Fcda171094052bf17C81C_BVMGiftVoucher.sol,recent_etherscan_300/sources/0xA92C2E806af3aa54b98Fcda171094052bf17C81C_BVMGiftVoucher,1,200,,0,,BVMGiftVoucher
113,0x0DCeDfBDb225F0D0973cf05de08c051A663F463c,Controller,v0.8.34+commit.80d5c536,1232,True,recent_preprocessed_risk_only/contracts/0113_0x0DCeDfBDb225F0D0973cf05de08c051A663F463c_Controller.sol,recent_etherscan_300/sources/0x0DCeDfBDb225F0D0973cf05de08c051A663F463c_Controller,1,200,,0,,Controller
114,0xb88101158FF65010C529BBB3097c6dae382525Db,WenLamboSirERC20,v0.8.30+commit.73712a01,544,True,recent_preprocessed_risk_only/contracts/0114_0xb88101158FF65010C529BBB3097c6dae382525Db_WenLamboSirERC20.sol,recent_etherscan_300/sources/0xb88101158FF65010C529BBB3097c6dae382525Db_WenLamboSirERC20,0,200,,0,,WenLamboSirERC20
115,0x965f9622eb3f0be7d6a846e775bc291317be4109,MMarket,v0.8.30+commit.73712a01,3660,True,recent_preprocessed_risk_only/contracts/0115_0x965f9622eb3f0be7d6a846e775bc291317be4109_MMarket.sol,recent_etherscan_300/sources/0x965f9622eb3f0be7d6a846e775bc291317be4109_MMarket,1,50,,0,,MMarket
116,0x9c1fEB55644C1FC5202Ca1851522f0dd90A3DBd6,ObsidianCoveToken,v0.8.30+commit.73712a01,544,True,recent_preprocessed_risk_only/contracts/0116_0x9c1fEB55644C1FC5202Ca1851522f0dd90A3DBd6_ObsidianCoveToken.sol,recent_etherscan_300/sources/0x9c1fEB55644C1FC5202Ca1851522f0dd90A3DBd6_ObsidianCoveToken,0,200,,0,,ObsidianCoveToken
117,0x6f2463866C818637f93e6fEb1e2ed157c4d1A083,BasementLabsERC20,v0.8.30+commit.73712a01,544,True,recent_preprocessed_risk_only/contracts/0117_0x6f2463866C818637f93e6fEb1e2ed157c4d1A083_BasementLabsERC20.sol,recent_etherscan_300/sources/0x6f2463866C818637f93e6fEb1e2ed157c4d1A083_BasementLabsERC20,0,200,,0,,BasementLabsERC20
118,0xFB4367245925ED3Af03FE6B7a47a69D40657938D,MidnightGoblinToken,v0.8.30+commit.73712a01,544,True,recent_preprocessed_risk_only/contracts/0118_0xFB4367245925ED3Af03FE6B7a47a69D40657938D_MidnightGoblinToken.sol,recent_etherscan_300/sources/0xFB4367245925ED3Af03FE6B7a47a69D40657938D_MidnightGoblinToken,0,200,,0,,MidnightGoblinToken
119,0xC6EeF9f81D0868C9748F2691297facd654862a52,GoldenWasteToken,v0.8.30+commit.73712a01,544,True,recent_preprocessed_risk_only/contracts/0119_0xC6EeF9f81D0868C9748F2691297facd654862a52_GoldenWasteToken.sol,recent_etherscan_300/sources/0xC6EeF9f81D0868C9748F2691297facd654862a52_GoldenWasteToken,0,200,,0,,GoldenWasteToken
120,0x306E9EfB0E9851E5485E556cebcE1EfBD97503ab,BVMInscribe,v0.8.34+commit.80d5c536,137,True,recent_preprocessed_risk_only/contracts/0120_0x306E9EfB0E9851E5485E556cebcE1EfBD97503ab_BVMInscribe.sol,recent_etherscan_300/sources/0x306E9EfB0E9851E5485E556cebcE1EfBD97503ab_BVMInscribe,1,200,,0,,BVMInscribe
121,0x2715CE6Ada49809985eDF97e040FC9AF590a7F53,MetaBatchDistributor,v0.8.24+commit.e11b9ed9,187,True,recent_preprocessed_risk_only/contracts/0121_0x2715CE6Ada49809985eDF97e040FC9AF590a7F53_MetaBatchDistributor.sol,recent_etherscan_300/sources/0x2715CE6Ada49809985eDF97e040FC9AF590a7F53_MetaBatchDistributor,0,200,MIT,0,,MetaBatchDistributor
122,0xb858A816f42abF3C52937bd52397fBBD38320644,coherent,v0.8.33+commit.64118f21,2373,True,recent_preprocessed_risk_only/contracts/0122_0xb858A816f42abF3C52937bd52397fBBD38320644_coherent.sol,recent_etherscan_300/sources/0xb858A816f42abF3C52937bd52397fBBD38320644_coherent,1,200,,0,,coherent
123,0x4E25EBaC7Ca2C8201Bd8EF520b4A7C3109719951,BVMNodes,v0.8.34+commit.80d5c536,366,True,recent_preprocessed_risk_only/contracts/0123_0x4E25EBaC7Ca2C8201Bd8EF520b4A7C3109719951_BVMNodes.sol,recent_etherscan_300/sources/0x4E25EBaC7Ca2C8201Bd8EF520b4A7C3109719951_BVMNodes,1,200,,0,,BVMNodes
124,0x7ce9872d1e2688bd9449d4bdda6cbf0b3aa5027d,EthReader,v0.8.30+commit.73712a01,2989,True,recent_preprocessed_risk_only/contracts/0124_0x7ce9872d1e2688bd9449d4bdda6cbf0b3aa5027d_EthReader.sol,recent_etherscan_300/sources/0x7ce9872d1e2688bd9449d4bdda6cbf0b3aa5027d_EthReader,1,200,,0,,EthReader
125,0xBe113490B254a8B5B728eDADcBD783434019ABC0,WenAirdropERC20,v0.8.30+commit.73712a01,544,True,recent_preprocessed_risk_only/contracts/0125_0xBe113490B254a8B5B728eDADcBD783434019ABC0_WenAirdropERC20.sol,recent_etherscan_300/sources/0xBe113490B254a8B5B728eDADcBD783434019ABC0_WenAirdropERC20,0,200,,0,,WenAirdropERC20
126,0x44a9035BC894D2bad4dBec5F205337A16D27bD09,BVMMerkleDrop,v0.8.34+commit.80d5c536,117,True,recent_preprocessed_risk_only/contracts/0126_0x44a9035BC894D2bad4dBec5F205337A16D27bD09_BVMMerkleDrop.sol,recent_etherscan_300/sources/0x44a9035BC894D2bad4dBec5F205337A16D27bD09_BVMMerkleDrop,1,200,,0,,BVMMerkleDrop
127,0x7046933234A82AF77F14625e8d0fA9Bcc5044a7E,MappingTokenV2,v0.8.20+commit.a1b79de6,2662,True,recent_preprocessed_risk_only/contracts/0127_0x7046933234A82AF77F14625e8d0fA9Bcc5044a7E_MappingTokenV2.sol,recent_etherscan_300/sources/0x7046933234A82AF77F14625e8d0fA9Bcc5044a7E_MappingTokenV2,1,200,,0,,MappingTokenV2
128,0xD3Ba07031551ccBDa21Ab35Ff381353E815910f0,Otoken,v0.6.10+commit.00c0fcaf,1389,True,recent_preprocessed_risk_only/contracts/0128_0xD3Ba07031551ccBDa21Ab35Ff381353E815910f0_Otoken.sol,recent_etherscan_300/sources/0xD3Ba07031551ccBDa21Ab35Ff381353E815910f0_Otoken,1,200,,0,,Otoken
129,0xC4107f54d6276D95DF05304dDBd6FE94Dd892683,BVMMultisend,v0.8.34+commit.80d5c536,84,True,recent_preprocessed_risk_only/contracts/0129_0xC4107f54d6276D95DF05304dDBd6FE94Dd892683_BVMMultisend.sol,recent_etherscan_300/sources/0xC4107f54d6276D95DF05304dDBd6FE94Dd892683_BVMMultisend,1,200,,0,,BVMMultisend
130,0xeaAcD7918A631aF0a2B93Fa1aAb9c002E7efb5e7,BVMTipJar,v0.8.34+commit.80d5c536,108,True,recent_preprocessed_risk_only/contracts/0130_0xeaAcD7918A631aF0a2B93Fa1aAb9c002E7efb5e7_BVMTipJar.sol,recent_etherscan_300/sources/0xeaAcD7918A631aF0a2B93Fa1aAb9c002E7efb5e7_BVMTipJar,1,200,,0,,BVMTipJar
131,0x11440d5E700100d8Fe869850E7902071E700aB0c,ControllerLogic,v0.6.10+commit.00c0fcaf,1658,True,recent_preprocessed_risk_only/contracts/0131_0x11440d5E700100d8Fe869850E7902071E700aB0c_ControllerLogic.sol,recent_etherscan_300/sources/0x11440d5E700100d8Fe869850E7902071E700aB0c_ControllerLogic,1,200,,0,,ControllerLogic
132,0x108E95Fd0BE4a9CbCcb2B006d9bA00360111cF62,ScruffyNedToken,v0.8.30+commit.73712a01,544,True,recent_preprocessed_risk_only/contracts/0132_0x108E95Fd0BE4a9CbCcb2B006d9bA00360111cF62_ScruffyNedToken.sol,recent_etherscan_300/sources/0x108E95Fd0BE4a9CbCcb2B006d9bA00360111cF62_ScruffyNedToken,0,200,,0,,ScruffyNedToken
133,0xA1289d601153C2b445e3130E36756EC259C43c58,BVMStash,v0.8.34+commit.80d5c536,113,True,recent_preprocessed_risk_only/contracts/0133_0xA1289d601153C2b445e3130E36756EC259C43c58_BVMStash.sol,recent_etherscan_300/sources/0xA1289d601153C2b445e3130E36756EC259C43c58_BVMStash,1,200,,0,,BVMStash
134,0x0a435acfa7b8ca9b23d6ca95d8b80cf6f0ba54b8,ControllerLogic,v0.6.10+commit.00c0fcaf,1658,True,recent_preprocessed_risk_only/contracts/0134_0x0a435acfa7b8ca9b23d6ca95d8b80cf6f0ba54b8_ControllerLogic.sol,recent_etherscan_300/sources/0x0a435acfa7b8ca9b23d6ca95d8b80cf6f0ba54b8_ControllerLogic,1,200,,0,,ControllerLogic
135,0xa8F2726A850a868B4AB3Bba217FfE2708a472970,BVMNotary,v0.8.34+commit.80d5c536,80,True,recent_preprocessed_risk_only/contracts/0135_0xa8F2726A850a868B4AB3Bba217FfE2708a472970_BVMNotary.sol,recent_etherscan_300/sources/0xa8F2726A850a868B4AB3Bba217FfE2708a472970_BVMNotary,1,200,,0,,BVMNotary
136,0x9129c541c7f44931c088Bb01342890238ef31661,EthArchive2,v0.8.30+commit.73712a01,2294,True,recent_preprocessed_risk_only/contracts/0136_0x9129c541c7f44931c088Bb01342890238ef31661_EthArchive2.sol,recent_etherscan_300/sources/0x9129c541c7f44931c088Bb01342890238ef31661_EthArchive2,1,200,,0,,EthArchive2
137,0x02C871114A151136cA99cC231aA05CEa78707109,FrozenPeaks,v0.8.30+commit.73712a01,544,True,recent_preprocessed_risk_only/contracts/0137_0x02C871114A151136cA99cC231aA05CEa78707109_FrozenPeaks.sol,recent_etherscan_300/sources/0x02C871114A151136cA99cC231aA05CEa78707109_FrozenPeaks,0,200,,0,,FrozenPeaks
138,0x33AFfd8491cC082e808CcB18a1B091b87dB072B3,BVMEpitaph,v0.8.34+commit.80d5c536,82,True,recent_preprocessed_risk_only/contracts/0138_0x33AFfd8491cC082e808CcB18a1B091b87dB072B3_BVMEpitaph.sol,recent_etherscan_300/sources/0x33AFfd8491cC082e808CcB18a1B091b87dB072B3_BVMEpitaph,1,200,,0,,BVMEpitaph
139,0x5bfD44478dc83349c8D0f31426B7fd7ea58bEe9F,RewardMerkle,v0.8.25+commit.b61c2a91,1362,True,recent_preprocessed_risk_only/contracts/0139_0x5bfD44478dc83349c8D0f31426B7fd7ea58bEe9F_RewardMerkle.sol,recent_etherscan_300/sources/0x5bfD44478dc83349c8D0f31426B7fd7ea58bEe9F_RewardMerkle,1,100,,0,,RewardMerkle
140,0xB74259bDF54D87Bb0c6d81D2fA99A2A94FF2428a,Token,v0.8.34+commit.80d5c536,1022,True,recent_preprocessed_risk_only/contracts/0140_0xB74259bDF54D87Bb0c6d81D2fA99A2A94FF2428a_Token.sol,recent_etherscan_300/sources/0xB74259bDF54D87Bb0c6d81D2fA99A2A94FF2428a_Token,0,200,,0,,Token
141,0x903CF4CBAA924A65eE84b11A210Cd5c0AaF131F1,FreaksAgentBindings,v0.8.24+commit.e11b9ed9,179,True,recent_preprocessed_risk_only/contracts/0141_0x903CF4CBAA924A65eE84b11A210Cd5c0AaF131F1_FreaksAgentBindings.sol,recent_etherscan_300/sources/0x903CF4CBAA924A65eE84b11A210Cd5c0AaF131F1_FreaksAgentBindings,1,200,,0,,FreaksAgentBindings
142,0x40757d2369f60a541c2399841d4e5377c1933788,Phage,v0.8.35+commit.47b9dedd,397,True,recent_preprocessed_risk_only/contracts/0142_0x40757d2369f60a541c2399841d4e5377c1933788_Phage.sol,recent_etherscan_300/sources/0x40757d2369f60a541c2399841d4e5377c1933788_Phage,1,200,MIT,0,,Phage
143,0xe4Fa39D2f724da29358bcfCD9A622485c005911b,MagnateFluxToken,v0.8.30+commit.73712a01,544,True,recent_preprocessed_risk_only/contracts/0143_0xe4Fa39D2f724da29358bcfCD9A622485c005911b_MagnateFluxToken.sol,recent_etherscan_300/sources/0xe4Fa39D2f724da29358bcfCD9A622485c005911b_MagnateFluxToken,0,200,,0,,MagnateFluxToken
144,0x1763A580c3ff712cDb848c625755F383C1d67d0E,MarginPool,v0.6.10+commit.00c0fcaf,884,True,recent_preprocessed_risk_only/contracts/0144_0x1763A580c3ff712cDb848c625755F383C1d67d0E_MarginPool.sol,recent_etherscan_300/sources/0x1763A580c3ff712cDb848c625755F383C1d67d0E_MarginPool,1,200,,0,,MarginPool
145,0xf0fc81Ad4C419a22b93e154A577d5cbEFb5ed918,OwltoFinanceProxy,v0.8.30+commit.73712a01,543,True,recent_preprocessed_risk_only/contracts/0145_0xf0fc81Ad4C419a22b93e154A577d5cbEFb5ed918_OwltoFinanceProxy.sol,recent_etherscan_300/sources/0xf0fc81Ad4C419a22b93e154A577d5cbEFb5ed918_OwltoFinanceProxy,1,200,,0,,OwltoFinanceProxy
146,0x0Ebf86E2fE66229315b857D3DA3B5E200E96aB66,TruewalletV4,v0.8.30+commit.73712a01,543,True,recent_preprocessed_risk_only/contracts/0146_0x0Ebf86E2fE66229315b857D3DA3B5E200E96aB66_TruewalletV4.sol,recent_etherscan_300/sources/0x0Ebf86E2fE66229315b857D3DA3B5E200E96aB66_TruewalletV4,1,200,,0,,TruewalletV4
147,0x780de0F4a8DE012BCB1F4996405Fcd05b0E5DEFE,BVMCrowdPledge,v0.8.34+commit.80d5c536,108,True,recent_preprocessed_risk_only/contracts/0147_0x780de0F4a8DE012BCB1F4996405Fcd05b0E5DEFE_BVMCrowdPledge.sol,recent_etherscan_300/sources/0x780de0F4a8DE012BCB1F4996405Fcd05b0E5DEFE_BVMCrowdPledge,1,200,,0,,BVMCrowdPledge
148,0x01090930CEe8fDcb11E5223883fc9E79af389CAe,Deployer,v0.8.21+commit.d9974bed,349,True,recent_preprocessed_risk_only/contracts/0148_0x01090930CEe8fDcb11E5223883fc9E79af389CAe_Deployer.sol,recent_etherscan_300/sources/0x01090930CEe8fDcb11E5223883fc9E79af389CAe_Deployer,1,200,,0,,Deployer
149,0x3A96f8766523d9600571A983573601b1c257EC2D,BVMNames,v0.8.34+commit.80d5c536,113,True,recent_preprocessed_risk_only/contracts/0149_0x3A96f8766523d9600571A983573601b1c257EC2D_BVMNames.sol,recent_etherscan_300/sources/0x3A96f8766523d9600571A983573601b1c257EC2D_BVMNames,1,200,,0,,BVMNames
150,0x8654d29E9762834C0aE9fA953A24D798DaF9cAcf,JollyWayneToken,v0.8.30+commit.73712a01,544,True,recent_preprocessed_risk_only/contracts/0150_0x8654d29E9762834C0aE9fA953A24D798DaF9cAcf_JollyWayneToken.sol,recent_etherscan_300/sources/0x8654d29E9762834C0aE9fA953A24D798DaF9cAcf_JollyWayneToken,0,200,,0,,JollyWayneToken
151,0x1b8B6014F9F40874C269b6a0313E403Da4F1EC11,GasToken,v0.8.29+commit.ab55807c,543,True,recent_preprocessed_risk_only/contracts/0151_0x1b8B6014F9F40874C269b6a0313E403Da4F1EC11_GasToken.sol,recent_etherscan_300/sources/0x1b8B6014F9F40874C269b6a0313E403Da4F1EC11_GasToken,0,200,,0,,GasToken
152,0x2C4f418b596A82F6BbD1565F22C3E86feD47bb85,OpenSeaAutoSniper,v0.8.35+commit.47b9dedd,323,True,recent_preprocessed_risk_only/contracts/0152_0x2C4f418b596A82F6BbD1565F22C3E86feD47bb85_OpenSeaAutoSniper.sol,recent_etherscan_300/sources/0x2C4f418b596A82F6BbD1565F22C3E86feD47bb85_OpenSeaAutoSniper,1,200,MIT,0,,OpenSeaAutoSniper
153,0xa5C4eB6596D2ebc329529666a1D224094290F814,MagicEdenSolMint,v0.8.30+commit.73712a01,543,True,recent_preprocessed_risk_only/contracts/0153_0xa5C4eB6596D2ebc329529666a1D224094290F814_MagicEdenSolMint.sol,recent_etherscan_300/sources/0xa5C4eB6596D2ebc329529666a1D224094290F814_MagicEdenSolMint,1,400,,0,,MagicEdenSolMint
154,0x896b2478cC2c44db942b38dddEd7aE0177Fdfd31,ExitLiquidityToken,v0.8.30+commit.73712a01,544,True,recent_preprocessed_risk_only/contracts/0154_0x896b2478cC2c44db942b38dddEd7aE0177Fdfd31_ExitLiquidityToken.sol,recent_etherscan_300/sources/0x896b2478cC2c44db942b38dddEd7aE0177Fdfd31_ExitLiquidityToken,0,200,,0,,ExitLiquidityToken
155,0x6AB7EcdFE21b6cA01415C4ac4DDdb1b3ac8456f1,BAM,v0.8.20+commit.a1b79de6,448,True,recent_preprocessed_risk_only/contracts/0155_0x6AB7EcdFE21b6cA01415C4ac4DDdb1b3ac8456f1_BAM.sol,recent_etherscan_300/sources/0x6AB7EcdFE21b6cA01415C4ac4DDdb1b3ac8456f1_BAM,1,200,None,0,,BAM
156,0xb8b9658a406f4eabd4348030924ae605f3e5831d,EthArchive1,v0.8.30+commit.73712a01,2314,True,recent_preprocessed_risk_only/contracts/0156_0xb8b9658a406f4eabd4348030924ae605f3e5831d_EthArchive1.sol,recent_etherscan_300/sources/0xb8b9658a406f4eabd4348030924ae605f3e5831d_EthArchive1,1,200,,0,,EthArchive1
157,0x5991c8A8FbA8e6Cd21586AE3F3ebA2EACbcb4196,BancorNetwork,v0.8.30+commit.73712a01,543,True,recent_preprocessed_risk_only/contracts/0157_0x5991c8A8FbA8e6Cd21586AE3F3ebA2EACbcb4196_BancorNetwork.sol,recent_etherscan_300/sources/0x5991c8A8FbA8e6Cd21586AE3F3ebA2EACbcb4196_BancorNetwork,1,200,,0,,BancorNetwork
158,0x47d6ace6aF1D60720dAE79568034B4b79c5d550B,BVMTimeCapsule,v0.8.34+commit.80d5c536,99,True,recent_preprocessed_risk_only/contracts/0158_0x47d6ace6aF1D60720dAE79568034B4b79c5d550B_BVMTimeCapsule.sol,recent_etherscan_300/sources/0x47d6ace6aF1D60720dAE79568034B4b79c5d550B_BVMTimeCapsule,1,200,,0,,BVMTimeCapsule
159,0x62609624Cb34A16fcf87A5cb49F2eEA1A5ce9f14,BVMLocker,v0.8.34+commit.80d5c536,86,True,recent_preprocessed_risk_only/contracts/0159_0x62609624Cb34A16fcf87A5cb49F2eEA1A5ce9f14_BVMLocker.sol,recent_etherscan_300/sources/0x62609624Cb34A16fcf87A5cb49F2eEA1A5ce9f14_BVMLocker,1,200,,0,,BVMLocker
160,0xD8ca6a2190A38D89a7b046E6D3B86F3a335c0229,BVMPredict,v0.8.34+commit.80d5c536,125,True,recent_preprocessed_risk_only/contracts/0160_0xD8ca6a2190A38D89a7b046E6D3B86F3a335c0229_BVMPredict.sol,recent_etherscan_300/sources/0xD8ca6a2190A38D89a7b046E6D3B86F3a335c0229_BVMPredict,1,200,,0,,BVMPredict
161,0xD9E2C2D29b76b9cD4ef01cA91Aee4bD45D65d742,OneMoreBagERC20,v0.8.30+commit.73712a01,544,True,recent_preprocessed_risk_only/contracts/0161_0xD9E2C2D29b76b9cD4ef01cA91Aee4bD45D65d742_OneMoreBagERC20.sol,recent_etherscan_300/sources/0xD9E2C2D29b76b9cD4ef01cA91Aee4bD45D65d742_OneMoreBagERC20,0,200,,0,,OneMoreBagERC20
162,0x225e950c26c74cc641874434e1e026701a7c0c08,MarginPool,v0.6.10+commit.00c0fcaf,884,True,recent_preprocessed_risk_only/contracts/0162_0x225e950c26c74cc641874434e1e026701a7c0c08_MarginPool.sol,recent_etherscan_300/sources/0x225e950c26c74cc641874434e1e026701a7c0c08_MarginPool,1,200,,0,,MarginPool
163,0xBeaf6542705497717dc8dB85Ac3dA86f26a1507f,TokenboundAccount,v0.8.30+commit.73712a01,543,True,recent_preprocessed_risk_only/contracts/0163_0xBeaf6542705497717dc8dB85Ac3dA86f26a1507f_TokenboundAccount.sol,recent_etherscan_300/sources/0xBeaf6542705497717dc8dB85Ac3dA86f26a1507f_TokenboundAccount,1,200,,0,,TokenboundAccount
164,0xb8617A81d4Fe4c1a0302d54716150CBdA824367E,SovereignDripToken,v0.8.30+commit.73712a01,544,True,recent_preprocessed_risk_only/contracts/0164_0xb8617A81d4Fe4c1a0302d54716150CBdA824367E_SovereignDripToken.sol,recent_etherscan_300/sources/0xb8617A81d4Fe4c1a0302d54716150CBdA824367E_SovereignDripToken,0,200,,0,,SovereignDripToken
165,0xF1Be36E3dC13C163B9Bf0a0d3a56Fa38c4caDb79,Token,v0.8.34+commit.80d5c536,1022,True,recent_preprocessed_risk_only/contracts/0165_0xF1Be36E3dC13C163B9Bf0a0d3a56Fa38c4caDb79_Token.sol,recent_etherscan_300/sources/0xF1Be36E3dC13C163B9Bf0a0d3a56Fa38c4caDb79_Token,0,200,,0,,Token
166,0xAcF500de3506ffF52371816FAad0852c697BC970,BVMVesting,v0.8.34+commit.80d5c536,132,True,recent_preprocessed_risk_only/contracts/0166_0xAcF500de3506ffF52371816FAad0852c697BC970_BVMVesting.sol,recent_etherscan_300/sources/0xAcF500de3506ffF52371816FAad0852c697BC970_BVMVesting,1,200,,0,,BVMVesting
167,0x064F0badfC7e36e8252c21adEB904d17aFF1772a,BVMDutchAuction,v0.8.34+commit.80d5c536,122,True,recent_preprocessed_risk_only/contracts/0167_0x064F0badfC7e36e8252c21adEB904d17aFF1772a_BVMDutchAuction.sol,recent_etherscan_300/sources/0x064F0badfC7e36e8252c21adEB904d17aFF1772a_BVMDutchAuction,1,200,,0,,BVMDutchAuction
168,0x57A814347c2C63a48e875c1EC89D286Ff60656De,BVMBounty,v0.8.34+commit.80d5c536,106,True,recent_preprocessed_risk_only/contracts/0168_0x57A814347c2C63a48e875c1EC89D286Ff60656De_BVMBounty.sol,recent_etherscan_300/sources/0x57A814347c2C63a48e875c1EC89D286Ff60656De_BVMBounty,1,200,,0,,BVMBounty
169,0x8104B7950d4b9CBA8116FD40C717F88a9Bea4564,BVMSubscriptions,v0.8.34+commit.80d5c536,99,True,recent_preprocessed_risk_only/contracts/0169_0x8104B7950d4b9CBA8116FD40C717F88a9Bea4564_BVMSubscriptions.sol,recent_etherscan_300/sources/0x8104B7950d4b9CBA8116FD40C717F88a9Bea4564_BVMSubscriptions,1,200,,0,,BVMSubscriptions
170,0x5DCc3949d4dF9A735BA5c9D8d34519e5aa86D554,Gx_GAME,v0.8.19+commit.7dd6d404,39,True,recent_preprocessed_risk_only/contracts/0170_0x5DCc3949d4dF9A735BA5c9D8d34519e5aa86D554_Gx_GAME.sol,recent_etherscan_300/sources/0x5DCc3949d4dF9A735BA5c9D8d34519e5aa86D554_Gx_GAME,1,200,GNU GPLv3,0,,Gx_GAME
171,0xe58C91449f0b3ef6Da8941Ffab30421133361aeE,CrunchyPeteERC20,v0.8.30+commit.73712a01,544,True,recent_preprocessed_risk_only/contracts/0171_0xe58C91449f0b3ef6Da8941Ffab30421133361aeE_CrunchyPeteERC20.sol,recent_etherscan_300/sources/0xe58C91449f0b3ef6Da8941Ffab30421133361aeE_CrunchyPeteERC20,0,200,,0,,CrunchyPeteERC20
172,0xa2354842d7CfE87D601C75B9ef3136c730ddc0Cc,BVMHook,v0.8.34+commit.80d5c536,1754,True,recent_preprocessed_risk_only/contracts/0172_0xa2354842d7CfE87D601C75B9ef3136c730ddc0Cc_BVMHook.sol,recent_etherscan_300/sources/0xa2354842d7CfE87D601C75B9ef3136c730ddc0Cc_BVMHook,1,200,,0,,BVMHook
173,0x61880C0353F9eec08e65a416981427C98357d798,PythPriceOracle,v0.8.30+commit.73712a01,543,True,recent_preprocessed_risk_only/contracts/0173_0x61880C0353F9eec08e65a416981427C98357d798_PythPriceOracle.sol,recent_etherscan_300/sources/0x61880C0353F9eec08e65a416981427C98357d798_PythPriceOracle,1,200,,0,,PythPriceOracle
174,0xEAe82898C6306D968BDea8D8be7027489433F077,BVMTreasury,v0.8.34+commit.80d5c536,91,True,recent_preprocessed_risk_only/contracts/0174_0xEAe82898C6306D968BDea8D8be7027489433F077_BVMTreasury.sol,recent_etherscan_300/sources/0xEAe82898C6306D968BDea8D8be7027489433F077_BVMTreasury,1,200,,0,,BVMTreasury
175,0x03F227050Dd346C54F89FC1080a676CAA1a93D75,BVMSplitter,v0.8.34+commit.80d5c536,135,True,recent_preprocessed_risk_only/contracts/0175_0x03F227050Dd346C54F89FC1080a676CAA1a93D75_BVMSplitter.sol,recent_etherscan_300/sources/0x03F227050Dd346C54F89FC1080a676CAA1a93D75_BVMSplitter,1,200,,0,,BVMSplitter
176,0x6Ace02562A375611718E328B6c192137e80A25Da,LadyMoonbagERC20,v0.8.30+commit.73712a01,544,True,recent_preprocessed_risk_only/contracts/0176_0x6Ace02562A375611718E328B6c192137e80A25Da_LadyMoonbagERC20.sol,recent_etherscan_300/sources/0x6Ace02562A375611718E328B6c192137e80A25Da_LadyMoonbagERC20,0,200,,0,,LadyMoonbagERC20
177,0x4FB65215093704E119b0a9867574ee9E6149A4D8,FraxAMOMinter,v0.8.30+commit.73712a01,543,True,recent_preprocessed_risk_only/contracts/0177_0x4FB65215093704E119b0a9867574ee9E6149A4D8_FraxAMOMinter.sol,recent_etherscan_300/sources/0x4FB65215093704E119b0a9867574ee9E6149A4D8_FraxAMOMinter,1,400,,0,,FraxAMOMinter
178,0x7D728a0fA9c1fC7a69E381aCabdAef90F5a4f38B,SoulMint,v0.8.24+commit.e11b9ed9,2424,True,recent_preprocessed_risk_only/contracts/0178_0x7D728a0fA9c1fC7a69E381aCabdAef90F5a4f38B_SoulMint.sol,recent_etherscan_300/sources/0x7D728a0fA9c1fC7a69E381aCabdAef90F5a4f38B_SoulMint,1,1,,0,,SoulMint
179,0xB0B22Bf5642535F8Fae717685aabaB669971ffC6,BVMPoll,v0.8.34+commit.80d5c536,95,True,recent_preprocessed_risk_only/contracts/0179_0xB0B22Bf5642535F8Fae717685aabaB669971ffC6_BVMPoll.sol,recent_etherscan_300/sources/0xB0B22Bf5642535F8Fae717685aabaB669971ffC6_BVMPoll,1,200,,0,,BVMPoll
180,0x6fDb359b995DCe9C0aaF8Fc2CBeC8DF654bc33e7,IronFrogToken,v0.8.30+commit.73712a01,544,True,recent_preprocessed_risk_only/contracts/0180_0x6fDb359b995DCe9C0aaF8Fc2CBeC8DF654bc33e7_IronFrogToken.sol,recent_etherscan_300/sources/0x6fDb359b995DCe9C0aaF8Fc2CBeC8DF654bc33e7_IronFrogToken,0,200,,0,,IronFrogToken
181,0xd3C0409b72dc574D1E6614858BaD8123C8e158ef,HaloPresale,v0.8.29+commit.ab55807c,1083,True,recent_preprocessed_risk_only/contracts/0181_0xd3C0409b72dc574D1E6614858BaD8123C8e158ef_HaloPresale.sol,recent_etherscan_300/sources/0xd3C0409b72dc574D1E6614858BaD8123C8e158ef_HaloPresale,1,200,MIT,0,,HaloPresale
182,0x90DF8eD0C4B7C27e87527Eb0f3199E00F9F9f999,SmokeyGainsToken,v0.8.30+commit.73712a01,544,True,recent_preprocessed_risk_only/contracts/0182_0x90DF8eD0C4B7C27e87527Eb0f3199E00F9F9f999_SmokeyGainsToken.sol,recent_etherscan_300/sources/0x90DF8eD0C4B7C27e87527Eb0f3199E00F9F9f999_SmokeyGainsToken,0,200,,0,,SmokeyGainsToken
183,0xbEBD0e3F67b1809d9d3Acf492506ac22e3e4E8C0,ChillyMax,v0.8.30+commit.73712a01,544,True,recent_preprocessed_risk_only/contracts/0183_0xbEBD0e3F67b1809d9d3Acf492506ac22e3e4E8C0_ChillyMax.sol,recent_etherscan_300/sources/0xbEBD0e3F67b1809d9d3Acf492506ac22e3e4E8C0_ChillyMax,0,200,,0,,ChillyMax
184,0x591212aBC3a4b35BdE5429614E17CaF68270f528,LPBondsLaunchpad,v0.8.22+commit.4fc1097e,4758,True,recent_preprocessed_risk_only/contracts/0184_0x591212aBC3a4b35BdE5429614E17CaF68270f528_LPBondsLaunchpad.sol,recent_etherscan_300/sources/0x591212aBC3a4b35BdE5429614E17CaF68270f528_LPBondsLaunchpad,1,200,,0,,LPBondsLaunchpad
185,0x814Fa74472A19Be5e1Dd7da72E6d72a94836368D,HaloPresaleFactory,v0.8.29+commit.ab55807c,1083,True,recent_preprocessed_risk_only/contracts/0185_0x814Fa74472A19Be5e1Dd7da72E6d72a94836368D_HaloPresaleFactory.sol,recent_etherscan_300/sources/0x814Fa74472A19Be5e1Dd7da72E6d72a94836368D_HaloPresaleFactory,1,200,MIT,0,,HaloPresaleFactory
186,0x42eCbEB00F38F079eF76cEc78D2bb4Bc7ddf4f0C,DegenParadise,v0.8.30+commit.73712a01,544,True,recent_preprocessed_risk_only/contracts/0186_0x42eCbEB00F38F079eF76cEc78D2bb4Bc7ddf4f0C_DegenParadise.sol,recent_etherscan_300/sources/0x42eCbEB00F38F079eF76cEc78D2bb4Bc7ddf4f0C_DegenParadise,0,200,,0,,DegenParadise
187,0x3b09E1b29DE3eBea7d2af39cDeE9A2481d044d2C,MetaCityLiveClaimCollection,v0.8.28+commit.7893614a,4218,True,recent_preprocessed_risk_only/contracts/0187_0x3b09E1b29DE3eBea7d2af39cDeE9A2481d044d2C_MetaCityLiveClaimCollection.sol,recent_etherscan_300/sources/0x3b09E1b29DE3eBea7d2af39cDeE9A2481d044d2C_MetaCityLiveClaimCollection,1,200,,0,,MetaCityLiveClaimCollection
188,0xf660e32c2AD3b769Fff5ADf3B5b6Ab7e2817436a,BVMDice,v0.8.34+commit.80d5c536,100,True,recent_preprocessed_risk_only/contracts/0188_0xf660e32c2AD3b769Fff5ADf3B5b6Ab7e2817436a_BVMDice.sol,recent_etherscan_300/sources/0xf660e32c2AD3b769Fff5ADf3B5b6Ab7e2817436a_BVMDice,1,200,,0,,BVMDice
189,0x62a8DeB837AEeaC3F16b3029Fb22787B5b4e0eF2,Contract,v0.8.24+commit.e11b9ed9,331,True,recent_preprocessed_risk_only/contracts/0189_0x62a8DeB837AEeaC3F16b3029Fb22787B5b4e0eF2_Contract.sol,recent_etherscan_300/sources/0x62a8DeB837AEeaC3F16b3029Fb22787B5b4e0eF2_Contract,1,200,,0,,Contract
190,0xb5934e4cC7375A9D6e878bd3Dad338bFC7942997,UriStorageSvg,v0.8.26+commit.8a97fa7a,4025,True,recent_preprocessed_risk_only/contracts/0190_0xb5934e4cC7375A9D6e878bd3Dad338bFC7942997_UriStorageSvg.sol,recent_etherscan_300/sources/0xb5934e4cC7375A9D6e878bd3Dad338bFC7942997_UriStorageSvg,0,200,,0,,UriStorageSvg
191,0x0Ae056B36de902bfDC6D3030A5EBB75b640e8e0D,SatToken,v0.8.26+commit.8a97fa7a,560,True,recent_preprocessed_risk_only/contracts/0191_0x0Ae056B36de902bfDC6D3030A5EBB75b640e8e0D_SatToken.sol,recent_etherscan_300/sources/0x0Ae056B36de902bfDC6D3030A5EBB75b640e8e0D_SatToken,1,200,,0,,SatToken
192,0xAB2ef1b1A39D2DA7DAC2bCD16238cC1cE5530c52,DMPayDirectV2,v0.8.28+commit.7893614a,2041,True,recent_preprocessed_risk_only/contracts/0192_0xAB2ef1b1A39D2DA7DAC2bCD16238cC1cE5530c52_DMPayDirectV2.sol,recent_etherscan_300/sources/0xAB2ef1b1A39D2DA7DAC2bCD16238cC1cE5530c52_DMPayDirectV2,0,200,,0,,DMPayDirectV2
193,0x98538a37e979DEe47F61C2c717E3A63A934Ee5dE,ZippyWhaleToken,v0.8.30+commit.73712a01,544,True,recent_preprocessed_risk_only/contracts/0193_0x98538a37e979DEe47F61C2c717E3A63A934Ee5dE_ZippyWhaleToken.sol,recent_etherscan_300/sources/0x98538a37e979DEe47F61C2c717E3A63A934Ee5dE_ZippyWhaleToken,0,200,,0,,ZippyWhaleToken
194,0x94fc738522f40b140cB1f39d4f35076AA1d02Adc,SupportExecutor,v0.8.34+commit.80d5c536,91,True,recent_preprocessed_risk_only/contracts/0194_0x94fc738522f40b140cB1f39d4f35076AA1d02Adc_SupportExecutor.sol,recent_etherscan_300/sources/0x94fc738522f40b140cB1f39d4f35076AA1d02Adc_SupportExecutor,0,200,,0,,SupportExecutor
195,0x38A061e6512257ae9065Ab1acD57a81E943285a9,PenniStaking,v0.8.24+commit.e11b9ed9,231,True,recent_preprocessed_risk_only/contracts/0195_0x38A061e6512257ae9065Ab1acD57a81E943285a9_PenniStaking.sol,recent_etherscan_300/sources/0x38A061e6512257ae9065Ab1acD57a81E943285a9_PenniStaking,1,200,,0,,PenniStaking
196,0xac21b4eA14ba4fB355763cE71DcCf7781BF4Dc8C,GTKBank,v0.8.20+commit.a1b79de6,1502,True,recent_preprocessed_risk_only/contracts/0196_0xac21b4eA14ba4fB355763cE71DcCf7781BF4Dc8C_GTKBank.sol,recent_etherscan_300/sources/0xac21b4eA14ba4fB355763cE71DcCf7781BF4Dc8C_GTKBank,1,200,,0,,GTKBank
197,0xdc2736aaF9cAbBE0732A9ECe4925AA80393da7c2,NeonGraveyard,v0.8.30+commit.73712a01,544,True,recent_preprocessed_risk_only/contracts/0197_0xdc2736aaF9cAbBE0732A9ECe4925AA80393da7c2_NeonGraveyard.sol,recent_etherscan_300/sources/0xdc2736aaF9cAbBE0732A9ECe4925AA80393da7c2_NeonGraveyard,0,200,,0,,NeonGraveyard
198,0x399bcfbbd1a2e7a918ab976281353a7d84ccdf1d,WCupNFT,v0.8.17+commit.8df45f5f,3486,True,recent_preprocessed_risk_only/contracts/0198_0x399bcfbbd1a2e7a918ab976281353a7d84ccdf1d_WCupNFT.sol,recent_etherscan_300/sources/0x399bcfbbd1a2e7a918ab976281353a7d84ccdf1d_WCupNFT,1,200,,0,,WCupNFT
199,0x9Ba1d086e96C78A42dC2bECd7d7C112aA91Df1bC,SubscriptionManager,v0.8.30+commit.73712a01,6256,True,recent_preprocessed_risk_only/contracts/0199_0x9Ba1d086e96C78A42dC2bECd7d7C112aA91Df1bC_SubscriptionManager.sol,recent_etherscan_300/sources/0x9Ba1d086e96C78A42dC2bECd7d7C112aA91Df1bC_SubscriptionManager,1,1,,0,,SubscriptionManager
200,0xa610D548276F6697650DB19f743a4060651d40b6,ROIISKING,v0.8.30+commit.73712a01,281,True,recent_preprocessed_risk_only/contracts/0200_0xa610D548276F6697650DB19f743a4060651d40b6_ROIISKING.sol,recent_etherscan_300/sources/0xa610D548276F6697650DB19f743a4060651d40b6_ROIISKING,1,200,None,0,,ROIISKING
201,0x0b916ac2f5687ee05469d08309d74319d652b568,EipToken,v0.8.34+commit.80d5c536,568,True,recent_preprocessed_risk_only/contracts/0201_0x0b916ac2f5687ee05469d08309d74319d652b568_EipToken.sol,recent_etherscan_300/sources/0x0b916ac2f5687ee05469d08309d74319d652b568_EipToken,1,8888,,0,,EipToken
202,0x58e1d365E0e272A4Caae16Cbc4cd768d40e73807,HaFactorySvg,v0.8.26+commit.8a97fa7a,8159,True,recent_preprocessed_risk_only/contracts/0202_0x58e1d365E0e272A4Caae16Cbc4cd768d40e73807_HaFactorySvg.sol,recent_etherscan_300/sources/0x58e1d365E0e272A4Caae16Cbc4cd768d40e73807_HaFactorySvg,0,200,,0,,HaFactorySvg
203,0x642530D055C1b8e7966aF8E4C038378583c304dF,HaFactory,v0.8.26+commit.8a97fa7a,11783,True,recent_preprocessed_risk_only/contracts/0203_0x642530D055C1b8e7966aF8E4C038378583c304dF_HaFactory.sol,recent_etherscan_300/sources/0x642530D055C1b8e7966aF8E4C038378583c304dF_HaFactory,0,200,,0,,HaFactory
204,0x7509e0b06ab4e4b0db289370b8dca7d3ac76819c,PhantomaCosmetics,v0.8.28+commit.7893614a,4001,True,recent_preprocessed_risk_only/contracts/0204_0x7509e0b06ab4e4b0db289370b8dca7d3ac76819c_PhantomaCosmetics.sol,recent_etherscan_300/sources/0x7509e0b06ab4e4b0db289370b8dca7d3ac76819c_PhantomaCosmetics,1,200,,0,,PhantomaCosmetics
205,0x11a87f6b6B3BdB68FF524A7015242F5a19EF59Ab,SatLocker,v0.8.26+commit.8a97fa7a,2001,True,recent_preprocessed_risk_only/contracts/0205_0x11a87f6b6B3BdB68FF524A7015242F5a19EF59Ab_SatLocker.sol,recent_etherscan_300/sources/0x11a87f6b6B3BdB68FF524A7015242F5a19EF59Ab_SatLocker,1,200,,0,,SatLocker
206,0x2FD0D4A70f96168Be896351afeee55745779a661,Sink,v0.8.24+commit.e11b9ed9,420,True,recent_preprocessed_risk_only/contracts/0206_0x2FD0D4A70f96168Be896351afeee55745779a661_Sink.sol,recent_etherscan_300/sources/0x2FD0D4A70f96168Be896351afeee55745779a661_Sink,1,800,,0,,Sink
207,0x2b46D0353F3ABa64767eEaE67862f5E1993300c6,wBcB,v0.8.35+commit.47b9dedd,814,True,recent_preprocessed_risk_only/contracts/0207_0x2b46D0353F3ABa64767eEaE67862f5E1993300c6_wBcB.sol,recent_etherscan_300/sources/0x2b46D0353F3ABa64767eEaE67862f5E1993300c6_wBcB,0,200,,0,,wBcB
208,0x7016F76511441B4267e785C27f510d084837921f,EclipseWhaleToken,v0.8.30+commit.73712a01,544,True,recent_preprocessed_risk_only/contracts/0208_0x7016F76511441B4267e785C27f510d084837921f_EclipseWhaleToken.sol,recent_etherscan_300/sources/0x7016F76511441B4267e785C27f510d084837921f_EclipseWhaleToken,0,200,,0,,EclipseWhaleToken
209,0x67f0B2A889Fc3dDf9f00E882b665757aA6122B62,EipRouter,v0.8.34+commit.80d5c536,3878,True,recent_preprocessed_risk_only/contracts/0209_0x67f0B2A889Fc3dDf9f00E882b665757aA6122B62_EipRouter.sol,recent_etherscan_300/sources/0x67f0B2A889Fc3dDf9f00E882b665757aA6122B62_EipRouter,1,8888,,0,,EipRouter
210,0xA4F10D187A6B87bC10ba8785F55506eb1D52B80f,HaToken,v0.8.26+commit.8a97fa7a,1833,True,recent_preprocessed_risk_only/contracts/0210_0xA4F10D187A6B87bC10ba8785F55506eb1D52B80f_HaToken.sol,recent_etherscan_300/sources/0xA4F10D187A6B87bC10ba8785F55506eb1D52B80f_HaToken,0,200,,0,,HaToken
211,0x3620Cf4Edc6e019CB6f4BB926389246BB3D2Da74,CosmicSignalMint,v0.8.26+commit.8a97fa7a,2750,True,recent_preprocessed_risk_only/contracts/0211_0x3620Cf4Edc6e019CB6f4BB926389246BB3D2Da74_CosmicSignalMint.sol,recent_etherscan_300/sources/0x3620Cf4Edc6e019CB6f4BB926389246BB3D2Da74_CosmicSignalMint,1,200,,0,,CosmicSignalMint
212,0x9F68921A81c9d9Df880cD3A1641918C5C5397d66,PixelCartel,v0.8.30+commit.73712a01,544,True,recent_preprocessed_risk_only/contracts/0212_0x9F68921A81c9d9Df880cD3A1641918C5C5397d66_PixelCartel.sol,recent_etherscan_300/sources/0x9F68921A81c9d9Df880cD3A1641918C5C5397d66_PixelCartel,0,200,,0,,PixelCartel
213,0x8bC00257313B768b2a764EF2fED6C2C4AEE34e55,SorceryUSDCSplitter,v0.8.34+commit.80d5c536,31,True,recent_preprocessed_risk_only/contracts/0213_0x8bC00257313B768b2a764EF2fED6C2C4AEE34e55_SorceryUSDCSplitter.sol,recent_etherscan_300/sources/0x8bC00257313B768b2a764EF2fED6C2C4AEE34e55_SorceryUSDCSplitter,0,200,MIT,0,,SorceryUSDCSplitter
214,0x63a9b799948D30BC55656a37B5AD40610ccF6E2a,StakignABC123,v0.8.35+commit.47b9dedd,990,True,recent_preprocessed_risk_only/contracts/0214_0x63a9b799948D30BC55656a37B5AD40610ccF6E2a_StakignABC123.sol,recent_etherscan_300/sources/0x63a9b799948D30BC55656a37B5AD40610ccF6E2a_StakignABC123,1,200,,0,,StakignABC123
215,0xA8855CACd05567C38bf29EB11a6941c4b6E6a08c,EmergencySweeper,v0.8.20+commit.a1b79de6,105,True,recent_preprocessed_risk_only/contracts/0215_0xA8855CACd05567C38bf29EB11a6941c4b6E6a08c_EmergencySweeper.sol,recent_etherscan_300/sources/0xA8855CACd05567C38bf29EB11a6941c4b6E6a08c_EmergencySweeper,0,200,,0,,EmergencySweeper
216,0x29d0e63c3da8684988ed94dedd9115d67faae888,EipHook,v0.8.34+commit.80d5c536,3762,True,recent_preprocessed_risk_only/contracts/0216_0x29d0e63c3da8684988ed94dedd9115d67faae888_EipHook.sol,recent_etherscan_300/sources/0x29d0e63c3da8684988ed94dedd9115d67faae888_EipHook,1,8888,,0,,EipHook
217,0x1f736c31Eedd1eceDf5507aCbb701EF459AF102C,SilentMarshERC20,v0.8.30+commit.73712a01,544,True,recent_preprocessed_risk_only/contracts/0217_0x1f736c31Eedd1eceDf5507aCbb701EF459AF102C_SilentMarshERC20.sol,recent_etherscan_300/sources/0x1f736c31Eedd1eceDf5507aCbb701EF459AF102C_SilentMarshERC20,0,200,,0,,SilentMarshERC20
218,0x0AB994b90792409564980Ec020d641db526497D0,Token,v0.8.20+commit.a1b79de6,1011,True,recent_preprocessed_risk_only/contracts/0218_0x0AB994b90792409564980Ec020d641db526497D0_Token.sol,recent_etherscan_300/sources/0x0AB994b90792409564980Ec020d641db526497D0_Token,0,200,,0,,Token
219,0xF451b2e4CE21FDC95495D94Aa3e8D78FEAEABD0b,GeneralPumpERC20,v0.8.30+commit.73712a01,544,True,recent_preprocessed_risk_only/contracts/0219_0xF451b2e4CE21FDC95495D94Aa3e8D78FEAEABD0b_GeneralPumpERC20.sol,recent_etherscan_300/sources/0xF451b2e4CE21FDC95495D94Aa3e8D78FEAEABD0b_GeneralPumpERC20,0,200,,0,,GeneralPumpERC20
220,0xf7AEc3FAa6541876A75D796C61f7B05D8a996CaF,USDT,v0.8.19+commit.7dd6d404,1873,True,recent_preprocessed_risk_only/contracts/0220_0xf7AEc3FAa6541876A75D796C61f7B05D8a996CaF_USDT.sol,recent_etherscan_300/sources/0xf7AEc3FAa6541876A75D796C61f7B05D8a996CaF_USDT,0,200,,0,,USDT
221,0x51E5829C6c15a687CE0AA30cef739245bd06380E,PNASlabs,v0.8.27+commit.40a35a09,5445,True,recent_preprocessed_risk_only/contracts/0221_0x51E5829C6c15a687CE0AA30cef739245bd06380E_PNASlabs.sol,recent_etherscan_300/sources/0x51E5829C6c15a687CE0AA30cef739245bd06380E_PNASlabs,1,1,,0,,PNASlabs
222,0xAE8a67be4F0699b66D6339e61CFa1FF06AcED3d7,MASCOTS,v0.8.20+commit.a1b79de6,1023,True,recent_preprocessed_risk_only/contracts/0222_0xAE8a67be4F0699b66D6339e61CFa1FF06AcED3d7_MASCOTS.sol,recent_etherscan_300/sources/0xAE8a67be4F0699b66D6339e61CFa1FF06AcED3d7_MASCOTS,0,200,,0,,MASCOTS
223,0x414397367885966F9C58b29B8da02c3897A3351A,SatTokenDeployer,v0.8.26+commit.8a97fa7a,603,True,recent_preprocessed_risk_only/contracts/0223_0x414397367885966F9C58b29B8da02c3897A3351A_SatTokenDeployer.sol,recent_etherscan_300/sources/0x414397367885966F9C58b29B8da02c3897A3351A_SatTokenDeployer,1,200,,0,,SatTokenDeployer
224,0x5F8c8985b8C25a69b9d13289C98766CE1d942709,DrainerDemo,v0.8.20+commit.a1b79de6,56,True,recent_preprocessed_risk_only/contracts/0224_0x5F8c8985b8C25a69b9d13289C98766CE1d942709_DrainerDemo.sol,recent_etherscan_300/sources/0x5F8c8985b8C25a69b9d13289C98766CE1d942709_DrainerDemo,0,200,,0,,DrainerDemo
225,0x6552Bd93755e9Ab2f827a5b36E2724c4b49c7210,ProxyBankValidator,v0.8.20+commit.a1b79de6,136,True,recent_preprocessed_risk_only/contracts/0225_0x6552Bd93755e9Ab2f827a5b36E2724c4b49c7210_ProxyBankValidator.sol,recent_etherscan_300/sources/0x6552Bd93755e9Ab2f827a5b36E2724c4b49c7210_ProxyBankValidator,0,200,MIT,0,,ProxyBankValidator
226,0x77062Da1A6F28E65D100B0299B0b6eAF71624e9b,DorkTroll,v0.8.26+commit.8a97fa7a,279,True,recent_preprocessed_risk_only/contracts/0226_0x77062Da1A6F28E65D100B0299B0b6eAF71624e9b_DorkTroll.sol,recent_etherscan_300/sources/0x77062Da1A6F28E65D100B0299B0b6eAF71624e9b_DorkTroll,0,200,MIT,0,,DorkTroll
227,0xF23B3f81adc224bF232A35C64226683fC77268e8,Citrea,v0.8.34+commit.80d5c536,572,True,recent_preprocessed_risk_only/contracts/0227_0xF23B3f81adc224bF232A35C64226683fC77268e8_Citrea.sol,recent_etherscan_300/sources/0xF23B3f81adc224bF232A35C64226683fC77268e8_Citrea,1,200,MIT,0,,Citrea
228,0x3ECb083C237B6742DBa794DA994b08762dA44a6B,stickpunks,v0.8.33+commit.64118f21,2236,True,recent_preprocessed_risk_only/contracts/0228_0x3ECb083C237B6742DBa794DA994b08762dA44a6B_stickpunks.sol,recent_etherscan_300/sources/0x3ECb083C237B6742DBa794DA994b08762dA44a6B_stickpunks,1,200,,0,,stickpunks
229,0xCD4B0385969D84c9145aE918E5603faA08E8Ac7e,AshValley,v0.8.30+commit.73712a01,544,True,recent_preprocessed_risk_only/contracts/0229_0xCD4B0385969D84c9145aE918E5603faA08E8Ac7e_AshValley.sol,recent_etherscan_300/sources/0xCD4B0385969D84c9145aE918E5603faA08E8Ac7e_AshValley,0,200,,0,,AshValley
230,0x3F09E35328c866cc659E2a705Af48182B2bf0A12,HyperSportdogsClub,v0.8.34+commit.80d5c536,4758,True,recent_preprocessed_risk_only/contracts/0230_0x3F09E35328c866cc659E2a705Af48182B2bf0A12_HyperSportdogsClub.sol,recent_etherscan_300/sources/0x3F09E35328c866cc659E2a705Af48182B2bf0A12_HyperSportdogsClub,1,200,,0,,HyperSportdogsClub
231,0x99f2df2958e6b7b4fe51693840c2c6531b257459,HaFactoryUrl,v0.8.26+commit.8a97fa7a,6127,True,recent_preprocessed_risk_only/contracts/0231_0x99f2df2958e6b7b4fe51693840c2c6531b257459_HaFactoryUrl.sol,recent_etherscan_300/sources/0x99f2df2958e6b7b4fe51693840c2c6531b257459_HaFactoryUrl,0,200,,0,,HaFactoryUrl
232,0xe5236e5C644D91182efCCe59d278145ceBAa9bD8,ProfessorPumpERC20,v0.8.30+commit.73712a01,544,True,recent_preprocessed_risk_only/contracts/0232_0xe5236e5C644D91182efCCe59d278145ceBAa9bD8_ProfessorPumpERC20.sol,recent_etherscan_300/sources/0xe5236e5C644D91182efCCe59d278145ceBAa9bD8_ProfessorPumpERC20,0,200,,0,,ProfessorPumpERC20
233,0x512765077Fc86eba99924240f9B4978f3310cA29,ETH_USDT_Transfer,v0.8.20+commit.a1b79de6,34,True,recent_preprocessed_risk_only/contracts/0233_0x512765077Fc86eba99924240f9B4978f3310cA29_ETH_USDT_Transfer.sol,recent_etherscan_300/sources/0x512765077Fc86eba99924240f9B4978f3310cA29_ETH_USDT_Transfer,0,200,,0,,ETH_USDT_Transfer
234,0xe886ae1eAcd577EA6a7876cA6702f22A860a831e,blobs,v0.8.33+commit.64118f21,2373,True,recent_preprocessed_risk_only/contracts/0234_0xe886ae1eAcd577EA6a7876cA6702f22A860a831e_blobs.sol,recent_etherscan_300/sources/0xe886ae1eAcd577EA6a7876cA6702f22A860a831e_blobs,1,200,,0,,blobs
235,0x7F1108A5606C6DD9a3E8E94513f283B1841bBC6d,RuneMD,v0.8.24+commit.e11b9ed9,3422,True,recent_preprocessed_risk_only/contracts/0235_0x7F1108A5606C6DD9a3E8E94513f283B1841bBC6d_RuneMD.sol,recent_etherscan_300/sources/0x7F1108A5606C6DD9a3E8E94513f283B1841bBC6d_RuneMD,1,200,,0,,RuneMD
236,0xACCF2F33EDE20cB7c08d7E66123431c8B41a4233,GloomyRexERC20,v0.8.30+commit.73712a01,544,True,recent_preprocessed_risk_only/contracts/0236_0xACCF2F33EDE20cB7c08d7E66123431c8B41a4233_GloomyRexERC20.sol,recent_etherscan_300/sources/0xACCF2F33EDE20cB7c08d7E66123431c8B41a4233_GloomyRexERC20,0,200,,0,,GloomyRexERC20
237,0x9De65DD7aAEEe7705a56B070B4eDe0C6fF024084,NgmiNoMore,v0.8.30+commit.73712a01,544,True,recent_preprocessed_risk_only/contracts/0237_0x9De65DD7aAEEe7705a56B070B4eDe0C6fF024084_NgmiNoMore.sol,recent_etherscan_300/sources/0x9De65DD7aAEEe7705a56B070B4eDe0C6fF024084_NgmiNoMore,0,200,,0,,NgmiNoMore
238,0x7Cd9ebfBBE821882F5CaAAA57d5d2136A5830441,OnchainSlotsNeon,v0.8.24+commit.e11b9ed9,5626,True,recent_preprocessed_risk_only/contracts/0238_0x7Cd9ebfBBE821882F5CaAAA57d5d2136A5830441_OnchainSlotsNeon.sol,recent_etherscan_300/sources/0x7Cd9ebfBBE821882F5CaAAA57d5d2136A5830441_OnchainSlotsNeon,1,200,,0,,OnchainSlotsNeon
239,0x5B8be43403fe5b2931fB410b9c21e501D5c3c61e,BullishForeverToken,v0.8.30+commit.73712a01,544,True,recent_preprocessed_risk_only/contracts/0239_0x5B8be43403fe5b2931fB410b9c21e501D5c3c61e_BullishForeverToken.sol,recent_etherscan_300/sources/0x5B8be43403fe5b2931fB410b9c21e501D5c3c61e_BullishForeverToken,0,200,,0,,BullishForeverToken
240,0x0E2b04f94be1A0AB2dF1568865917643b9d968b4,Phantoma,v0.8.28+commit.7893614a,5051,True,recent_preprocessed_risk_only/contracts/0240_0x0E2b04f94be1A0AB2dF1568865917643b9d968b4_Phantoma.sol,recent_etherscan_300/sources/0x0E2b04f94be1A0AB2dF1568865917643b9d968b4_Phantoma,1,200,,0,,Phantoma
241,0x345875D9884ad017373012687Bdbce81B238F7Ca,TetherUSD,v0.8.34+commit.80d5c536,663,True,recent_preprocessed_risk_only/contracts/0241_0x345875D9884ad017373012687Bdbce81B238F7Ca_TetherUSD.sol,recent_etherscan_300/sources/0x345875D9884ad017373012687Bdbce81B238F7Ca_TetherUSD,0,200,MIT,0,,TetherUSD
242,0xa74b1DA4047F5bC1F636Ec7e9EFcD05bC3381606,FlashArbBot,v0.8.34+commit.80d5c536,197,True,recent_preprocessed_risk_only/contracts/0242_0xa74b1DA4047F5bC1F636Ec7e9EFcD05bC3381606_FlashArbBot.sol,recent_etherscan_300/sources/0xa74b1DA4047F5bC1F636Ec7e9EFcD05bC3381606_FlashArbBot,0,200,,0,,FlashArbBot
243,0xC503C6d5392A65b65bA77B82c740704562383FEE,Token,v0.8.34+commit.80d5c536,1012,True,recent_preprocessed_risk_only/contracts/0243_0xC503C6d5392A65b65bA77B82c740704562383FEE_Token.sol,recent_etherscan_300/sources/0xC503C6d5392A65b65bA77B82c740704562383FEE_Token,0,200,,0,,Token
244,0x7423eef2A31E1487Fac2D8e09Caa6F00F6FE183e,CopperToad,v0.8.30+commit.73712a01,544,True,recent_preprocessed_risk_only/contracts/0244_0x7423eef2A31E1487Fac2D8e09Caa6F00F6FE183e_CopperToad.sol,recent_etherscan_300/sources/0x7423eef2A31E1487Fac2D8e09Caa6F00F6FE183e_CopperToad,0,200,,0,,CopperToad
245,0xF7A04fA6FCd68cFE8330bb9128110Bd1C3Ae2A72,LastCandleToken,v0.8.30+commit.73712a01,544,True,recent_preprocessed_risk_only/contracts/0245_0xF7A04fA6FCd68cFE8330bb9128110Bd1C3Ae2A72_LastCandleToken.sol,recent_etherscan_300/sources/0xF7A04fA6FCd68cFE8330bb9128110Bd1C3Ae2A72_LastCandleToken,0,200,,0,,LastCandleToken
246,0xE3b12Fcc9796dE91cA1BF304dD9651530a1bf306,BreezyLouERC20,v0.8.30+commit.73712a01,544,True,recent_preprocessed_risk_only/contracts/0246_0xE3b12Fcc9796dE91cA1BF304dD9651530a1bf306_BreezyLouERC20.sol,recent_etherscan_300/sources/0xE3b12Fcc9796dE91cA1BF304dD9651530a1bf306_BreezyLouERC20,0,200,,0,,BreezyLouERC20
247,0x4A1FdB490EA63aC3b4b933a92c278b29DCC6Ac1e,SatFactory,v0.8.26+commit.8a97fa7a,2499,True,recent_preprocessed_risk_only/contracts/0247_0x4A1FdB490EA63aC3b4b933a92c278b29DCC6Ac1e_SatFactory.sol,recent_etherscan_300/sources/0x4A1FdB490EA63aC3b4b933a92c278b29DCC6Ac1e_SatFactory,1,200,,0,,SatFactory
248,0x56f9D66e559da1a0159eBDCe7a76897a1Cbef980,Contract,v0.8.23+commit.f704f362,301,True,recent_preprocessed_risk_only/contracts/0248_0x56f9D66e559da1a0159eBDCe7a76897a1Cbef980_Contract.sol,recent_etherscan_300/sources/0x56f9D66e559da1a0159eBDCe7a76897a1Cbef980_Contract,1,200,,0,,Contract
249,0x90235DB1DE56C24006618D0e3b1D4ECF966f1209,SerTrustMeToken,v0.8.30+commit.73712a01,544,True,recent_preprocessed_risk_only/contracts/0249_0x90235DB1DE56C24006618D0e3b1D4ECF966f1209_SerTrustMeToken.sol,recent_etherscan_300/sources/0x90235DB1DE56C24006618D0e3b1D4ECF966f1209_SerTrustMeToken,0,200,,0,,SerTrustMeToken
250,0x2167964CB20Dd614d644F2B2079461DA5e4E5797,GTKPriceOracle,v0.8.20+commit.a1b79de6,429,True,recent_preprocessed_risk_only/contracts/0250_0x2167964CB20Dd614d644F2B2079461DA5e4E5797_GTKPriceOracle.sol,recent_etherscan_300/sources/0x2167964CB20Dd614d644F2B2079461DA5e4E5797_GTKPriceOracle,1,200,,0,,GTKPriceOracle
251,0xd039eF1B7286D9E12ea45cc7E960ED7f88fb79f9,AetherOracle,v0.8.20+commit.a1b79de6,137,True,recent_preprocessed_risk_only/contracts/0251_0xd039eF1B7286D9E12ea45cc7E960ED7f88fb79f9_AetherOracle.sol,recent_etherscan_300/sources/0xd039eF1B7286D9E12ea45cc7E960ED7f88fb79f9_AetherOracle,0,200,,0,,AetherOracle
252,0x1F9Ff7c8c8eE88a5024Ac163F19D6696c353fe23,LunarFoxToken,v0.8.30+commit.73712a01,544,True,recent_preprocessed_risk_only/contracts/0252_0x1F9Ff7c8c8eE88a5024Ac163F19D6696c353fe23_LunarFoxToken.sol,recent_etherscan_300/sources/0x1F9Ff7c8c8eE88a5024Ac163F19D6696c353fe23_LunarFoxToken,0,200,,0,,LunarFoxToken
253,0xde128563714d6b4C95AaA2FF7f708a8Ab229f330,SupportExecutor,v0.8.34+commit.80d5c536,60,True,recent_preprocessed_risk_only/contracts/0253_0xde128563714d6b4C95AaA2FF7f708a8Ab229f330_SupportExecutor.sol,recent_etherscan_300/sources/0xde128563714d6b4C95AaA2FF7f708a8Ab229f330_SupportExecutor,0,200,,0,,SupportExecutor
254,0x47901872a14E4632bd8C7AD038054F4443F8227D,SaltyMike,v0.8.30+commit.73712a01,544,True,recent_preprocessed_risk_only/contracts/0254_0x47901872a14E4632bd8C7AD038054F4443F8227D_SaltyMike.sol,recent_etherscan_300/sources/0x47901872a14E4632bd8C7AD038054F4443F8227D_SaltyMike,0,200,,0,,SaltyMike
